id_berita,judul,kategori,isi,link
1279939,Mahkamah PPP Bantah Ada Isu Dua Dualisme Usai Muktamar,nasional,"Mahkamah Partai Persatuan Pembangunan (PPP) membantah ada isu dualisme kepemimpinan usai pelaksanaan sidang Muktamar ke-X di Ancol, pada Sabtu (27/9) kemarin. ""Mahkamah partai berkewajiban untuk menyampaikan bahwasannya tidak ada perselisihan internal yang terjadi,"" ujar Ketua Mahkamah PPP, Ade Irfan Pulungan dalam konferensi pers di Jakarta Selatan, Rabu (1/10) malam.  ADVERTISEMENT SCROLL TO CONTINUE WITH CONTENT Ade menyebut kericuhan yang terjadi pada saat jalannya muktamar sebagai bentuk perbedaan pendapat dalam berdemokrasi. Ia meminta agar hal itu tidak dibesar-besarkan sehingga menyudutkan partai berlambang Ka'bah itu. ""Perbedaan itu adalah suatu rahmat bagi kita. Namun dalam kepentingan konteksnya bagaimana kami membesarkan, menyelamatkan Partai Persatuan Pembangunan tentu kami harus melihatnya lebih jernih lagi,"" tuturnya. Lebih lanjut, Ade menyinggung bahwa PPP adalah partai yang berpengalaman. Menurutnya, perbedaan-perbedaan di dalamnya itu adalah cara kader dalam membangun partai. ""Saya malah kok berpikir apakah ini cara Allah SWT untuk membangkitkan PPP ini menjadi besar, mulai dari pertengkaran agar ada semangat yang sama untuk sama-sama membesarkan partai,"" pungkasnya.  Sebelumnya kubu Agus Suparmanto telah menyerahkan SK Kepengurusan ke Kementerian Hukum. Di sisi lain, kubu Mardiono juga menentang aklamasi Agus dan mengklaim kubunya yang menang dalam Muktamar ke-X PPP.",https://www.cnnindonesia.com/nasional/20251002022400-32-1279939/mahkamah-ppp-bantah-ada-isu-dua-dualisme-usai-muktamar
1279844,PPP Kubu Agus Suparmanto Serahkan Hasil Muktamar X ke Kemenkum,nasional,"Partai Persatuan Pembangunan (PPP) kubu Agus Suparmanto menyerahkan kepengurusan hasil Muktamar X ke Kementerian Hukum, Rabu (1/10) sore. Mereka yang hadir dalam agenda tersebut di antaranya ada Taj Yasin, Ketua Majelis Pertimbangan PPP Muhamad Romahurmuziy alias Romy, dan Ketua DPW PPP Jawa Timur Musyaffa Noer. ""Kami menyerahkan hasil Muktamar X, kami ingin melanjutkan untuk menaati aturan-aturan yang berlaku di negara kita yaitu mendaftarkan putusan Muktamar X Partai Persatuan Pembangunan untuk meminta pengesahan hasil Muktamar X,"" ujar Taj Yasin selaku Sekretaris Jenderal PPP versi kubu Agus Suparmanto di Kementerian Hukum, Jakarta, Rabu (1/10). ADVERTISEMENT SCROLL TO CONTINUE WITH CONTENT  Taj Yasin mengungkapkan pihaknya menyerahkan sejumlah berkas seperti surat permintaan pengesahan dari Anggaran Dasar/Anggaran Rumah Tangga (AD/ART) dan pengesahan SK. Selanjutnya ada daftar hadir, foto, berita acara dari rapat formatur dan konsiderans hasil dokumentasi dari Muktamar ke X, hingga surat dari Mahkamah Partai. ""Yang baru kita daftarkan baru Ketua Umum dan Sekretaris Jenderal saja,"" kata Taj Yasin. Perihal Mardiono, Taj Yasin mengajak yang bersangkutan untuk bergabung ke dalam kepengurusan. Dia bilang sudah ada utusan yang sedang berupaya berkomunikasi dengan Mardiono untuk memberi tahu agenda pendaftaran kepengurusan hari ini. ""Yang jelas kami ingin beliau gabung dengan kami di pengurusan, di Partai Persatuan Pembangunan, untuk menyongsong pemilu yang akan datang. Kita wujudkan bahwa PPP harus masuk parlemen itu yang penting,"" ungkap dia. Belum ada keterangan dari Kementerian Hukum mengenai pendaftaran kepengurusan kubu Agus Suparmanto tersebut. ",https://www.cnnindonesia.com/nasional/20251001172701-32-1279844/ppp-kubu-agus-suparmanto-serahkan-hasil-muktamar-x-ke-kemenkum
1279979,01VIDEO: Detik-detik Armada Global Sumud Flotilla Dicegat IsraelInternasional,internasional,"Armada kapalGlobal Sumud Flotilla(GSF) yang membawa bantuan ke Gaza,PalestinadicegatIsraelpada Rabu (1/10) malam. Armada GSF yang terdiri dari 45 kapal berisikan aktivis dan politikus dari sejumlah negara tengah berlayar sekitar 131 kilometer lagi menuju pesisir Jalur Gaza saat insiden ini terjadi. Aktivis iklim asal Swedia, Greta Thunberg menjadi salah satu anggota Armada GSF yang ditahan Israel. Israel menuduh GSF sebagai armada afiliasi Hamas, meskipun tidak memberikan bukti konkret.",https://www.cnnindonesia.com/internasional/20251002071111-124-1279979/video-detik-detik-armada-global-sumud-flotilla-dicegat-israel
1279983,"02Global Sumud Flotilla Dicegat IDF, Kolombia Usir Semua Diplomat IsraelInternasional",internasional,"Armada Global Sumud Flotilla (GSF) diculikIsraeldi perairan internasional menuju pantai Jalur Gaza pada Rabu (1/10) malam pukul 20.30 waktu setempat. Aksi itu membuat Presiden Kolombia Gustavo Petro murka dan langsung mengusir seluruh diplomat Israel dariKolombia.  ADVERTISEMENT SCROLL TO CONTINUE WITH CONTENT Di atas kapal-kapal konvoi GSF yang diserbu pasukan Israel (IDF), terdapat dua aktivis Kolombia yang juga diculik Israel. Nama aktivis Swedia Greta Thunberg juga termasuk yang dibawa paksa menuju pelabuhan Israel. Menurut laporanAljazeera, setidaknya ada delapan kapal rmbongan Global Sumud Flotilla yang dicegat Israel. Kapal-kapal itu antara lain Deir Yassine/Mali, Huga, Spectre, Adara, Alma, Sirius, Aurora dan Grande Blue.  Petro langsung memberikan pernyataan setelah dua perempuan aktivis Kolombia ditahan pasukan IDF, dikutip dariAFP. Ia menyatakan bahwa dua perempuan Kolombia ""yang bergabung dalam aktivitas solidaritas kemanusiaan untuk Palestina"" ditahan oleh pasukan Israel di perairan internasional.  Dalam pernyataan itu, kantor kepresidenan menyebutkan dua nama warga negara Kolombia, Manuela Bedoya dan Luna Barreto, merupakan bagian dari rombongan Global Sumud Flotilla. Kolombia mendesak agar keduanya segera dibebaskan. Hubungan pemerintahan Kolombia mulai memburuk dengan Israel sejak setahun lalu karena Tel Aviv tetap bersikeras melakukan agresi ke Jalur Gaza. Meski demikian, masih terdapat empat diplomat Israel yang ditugaskan di Kolombia hingga kini. Petro pun mengumumkan saat ini melalui akun X mengenai keputusan tegasnya mengusir ""seluruh delegasi diplomatik Israel"" karena apa yang ia sebut sebagai ""kejahatan baru internasional"" oleh Perdana Menteri Benjamin Netanyahu. Ia juga secara sepihak menghentikan kesepakatan perdagangan bebas dengan Israel yang disepakati sejak 2020.  Petro termasuk pemimpin negara yang sangat tegas mengecam Israel di Sidang Majelis Umum PBB pada September silam. Dalam pidatonya, ia menyebut Netanyahu telah melakukan ""genosida."" Ia juga menuduh Presiden Amerika Serikat Donald Trump ""bersekongkol"" dalam ""genosida."" Petro kemudian ikut aksi demonstrasi dukung Palestina di New York pada pekan lalu. Washington kemudian mencabut visanya.",https://www.cnnindonesia.com/internasional/20251002073815-120-1279983/global-sumud-flotilla-dicegat-idf-kolombia-usir-semua-diplomat-israel
1279984,03Netizen Berdebat Usai Daftar 32 Pemain Timnas U-23 SEA Games RilisOlahraga,olahraga,"Netizen riuh usai daftar 32 pemainTimnas Indonesia U-23untuk SEA Games diumumkan. Persoalannya, banyak pemain naturalisasi atau abroad yang kali ini dipanggil untuk SEA Games, sementara hal ini tidak dilakukan saat Piala AFF U-23 dan Kualifikasi Piala Asia U-23 2026. PSSI telah merilis daftar 32 pemain yang masuk dalam skuad Timnas Indonesia untuk mengikuti pemusatan latihan dan laga persahabatan jelang SEA Games 2025. Ivar Jenner dan Rafael Struick masuk di dalamnya. Dalam rilis daftar pemain tersebut, terdapat sejumlah pemain yang berkiprah di luar negeri. Di antaranya adalah Ivar Jenner, Tim Geypens, dan Adrian Wibowo. ADVERTISEMENT SCROLL TO CONTINUE WITH CONTENT Kehadiran ketiga pemain ini di skuad SEA Games jelas jadi suntikan berharga bagi Skuad Garuda. Sebelumnya di Piala AFF U-23 dan Kualifikasi Piala Asia U-23, Gerald Vanenburg hanya bisa memanggil Jens Raven dan Dion Markx. Sedangkan untuk nama-nama yang punya pengalaman di timnas senior, terdapat pula sosok Rafael Struick, Muhammad Ferarri, dan Hokky Caraka. Nama-nama ini juga bisa jadi pemain kunci Indonesia dalam misi memburu emas SEA Games. Namun, banyaknya pemain abroad yang akhirnya dipanggil ke Timnas Indonesia U-23 untuk SEA Games ini menimbulkan perdebatan di kalangan netizen.  ""Coach IS mempersiapkan skuad terbaik buat mempertahankan gelar emas SEA Games, jadi enggak apa-apa Ivar, Geyspen, dan lain-lain turun ke U-23, hitung-hitung membantu. Senior ya senior, U-23 ya U-23. intinya kita wajib support!"" kata seorang netizen. ""Komentarnya kebanyakan kalau ASEAN jangan panggil abroad.. pikir jernih lah bro, ini masih TC jangka panjang.. pelatih juga manfaatkan jeda FIFA.. apa salahnya pemain yang gak dipanggil senior ikut latihan??? Ini juga pasti ada unsur arahan dari Dirtek, supaya pemain bisa paham gaya main di timnas. PSSI kan lagi bangun filosofi, masalah pas SEA Games dipanggil atau enggak yaa urusan belakangan,"" ujar netizen lainnya. ""Iya gua tahu ini baru persiapan belum resmi main di SEA Games tapi andaikan boleh nolak gua berharap baik LAFC, Utrecht, dan Emmen menolak untuk melepas Adrian, Ivar, dan Geypens ke SEA Games nanti,"" kata netizen lainnya. [Gambas:Video CNN]",https://www.cnnindonesia.com/olahraga/20251002073902-142-1279984/netizen-berdebat-usai-daftar-32-pemain-timnas-u-23-sea-games-rilis
1279907,"04Didatangi Basuki, Purbaya Beri 3 Dukungan Pendanaan Buat IKNEkonomi",ekonomi,"Menteri Keuangan (Menkeu)Purbaya Yudhi Sadewaberjanji memberi 3 dukungan pendanaan untukIKNNusantara usai didatangi Kepala OtoritaBasuki Hadimuljono. Purbaya menjamu Basuki di Kantor Pusat Direktorat Jenderal Pajak (DJP) Kementerian Keuangan, Jakarta Selatan pada Rabu (1/10). Basuki tidak sendiri. Ia ditemani oleh jajaran Otorita IKN. ""Menkeu Purbaya turut memberikan dukungan atas 3 skema pembiayaan untuk kelanjutan pembangunan IKN,"" tulis keterangan di akun Instagram @menkeuri. ADVERTISEMENT SCROLL TO CONTINUE WITH CONTENT Pertama,Purbaya berjanji memberikan dukungan pendanaan melalui Anggaran Pendapatan dan Belanja Negara (APBN). Sang Bendahara Negara belum merinci berapa angka pasti yang dikucurkan untuk melanjutkan pembangunan ibu kota anyar tersebut.  Kedua,pendanaan melalui kerja sama pemerintah dan badan usaha (KPBU).Ketiga, foreign direct investment(FDI) alias investasi asing. Purbaya dan Bos IKN Basuki juga membahas hal lain di luar pendanaan. Sang Bendahara Negara mengatakan dirinya menerima laporan progres pembangunan IKN Nusantara. Purbaya juga mendengar update lainnya setelah IKN resmi ditetapkan Presiden Prabowo Subianto menjadi ibu kota politik mulai 2028 mendatang. ""Pak Basuki melaporkan progres program pembangunan IKN setelah terbitnya Perpres Nomor 79 Tahun 2025 yang menetapkan IKN sebagai ibu kota politik pada 2028,"" tuturnya.  Menteri keuangan yang baru menjabat sejak Senin (8/9) itu memang masih menaruh perhatian pada nasib IKN. Purbaya mencontohkan pemerintah menganggarkan Rp5,7 triliun untuk IKN pada 2025, termasuk yang tercecer di Kementerian Pekerjaan Umum (PU). Ia bahkan berjanji mendorong lebih cepat lagi pembangunan ibu kota baru itu pada tahun depan. Namun, mantan ketua dewan komisioner Lembaga Penjamin Simpanan (LPS) itu tak menyebut angka pasti yang disiapkan untuk menggarap IKN di 2026. ""IKN masih didorong. Tahun depan (2026) dorong lebih cepat lagi ... Itu kan investasi cukup besar (di IKN Nusantara). Kita harapkan nanti ketika kelihatan mulai jalan, swasta juga mulai masuk ke sana,"" kata Purbaya usai Rapat Paripurna di DPR RI, Jakarta Pusat, Selasa (23/9). ""Tapi saya akan menunggu perintah Presiden (Prabowo Subianto) seperti apa,"" imbuhnya soal kepastian APBN dalam menopang pembangunan IKN.  Kebutuhan anggaran IKN 2025-2028 (menurut Otorita): a. 2025: Rp14,40 triliunb. 2026: Rp17,08 triliun (kebutuhan anggaran naik menjadi Rp21,1 triliun)c. 2027: Rp14,64 triliund. 2028: Rp2,68 triliun  Realisasi APBN untuk IKN: a. Total anggaran sejak 2022: Rp77 triliunb. Realisasi 2022: Rp5,5 triliunc. Realisasi 2023: Rp27 triliund. Pagu 2024: Rp44,5 triliun (realisasi Rp43,3 triliun per Januari 2025) [Gambas:Video CNN] ",https://www.cnnindonesia.com/ekonomi/20251001210351-532-1279907/didatangi-basuki-purbaya-beri-3-dukungan-pendanaan-buat-ikn
1280015,05FIFA Akhirnya Bicara soal Desakan Boikot Israel dari Piala Dunia 2026Olahraga,olahraga,"FIFAakhirnya menanggapi seruan agar Israel dilarang tampil di Piala Dunia 2026 yang akan berlangsung di Amerika Serikat, Meksiko, dan Kanada. Sejak serangan Israel ke Palestina yang semakin parah, tekanan terhadap FIFA dan UEFA untuk melarang Israel tampil di Piala Dunia 2026 pun semakin kuat. Banyak kalangan, mulai dari penggemar, bintang sepak bola hingga tokoh internasional, menuntut agar Israel diperlakukan sama seperti Rusia yang dilarang tampil di ajang sepak bola internasional setelah invasi ke Ukraina pada 2022. ADVERTISEMENT SCROLL TO CONTINUE WITH CONTENT Bahkan, sejumlah pihak berpengaruh seperti Perserikatan Bangsa-Bangsa (PBB) serta juara Euro 2024 Spanyol telah menyuarakan sikap keras. Spanyol bahkan mengancam akan memboikot Piala Dunia 2026 bila Israel tetap diizinkan berpartisipasi. Menanggapi desakan tersebut, Wakil Presiden FIFA sekaligus Presiden CONCACAF, Victor Montagliani, menyatakan bahwa persoalan keanggotaan Israel berada di bawah yurisdiksi UEFA. ""Pertama dan terutama, Israel adalah anggota UEFA, sama seperti saya yang harus berurusan dengan anggota di wilayah saya. Jadi, mereka yang harus menyelesaikan hal itu,"" ujar Montagliani dikutip dariSportbible. ""Saya menghormati [UEFA] tidak hanya proses mereka, tetapi juga keputusan apa pun yang mereka buat,"" kata Montagliani menambahkan.  Pernyataan ini seakan mengindikasikan bahwa FIFA tidak akan secara langsung mengambil langkah larangan terhadap Israel, melainkan menunggu hasil keputusan UEFA sebagai konfederasi tempat Israel bernaung. Disisi lain, dilaporkan juga bahwa beberapa tokoh senior UEFA telah mendorong agar komite eksekutif segera menggelar rapat khusus untuk membahas kemungkinan pelarangan Israel di turnamen sepak bola internasional. Namun, rencana itu ditunda setelah Presiden AS Donald Trump bersama Perdana Menteri Israel Benjamin Netanyahu mengumumkan rencana negosiasi untuk mencapai kesepakatan damai dengan Palestina. [Gambas:Video CNN]",https://www.cnnindonesia.com/olahraga/20251002084428-142-1280015/fifa-akhirnya-bicara-soal-desakan-boikot-israel-dari-piala-dunia-2026
1280007,"06Global Sumud Flotilla Dicegat Israel, 2 Kapal Lolos & Lanjut ke GazaInternasional",internasional,"ArmadaGlobal Sumud Flotilla(GSF) untuk bantuan kemanusiaan diGazayang terdiri dari 45 kapal maupun jenis Yacht dicegat pasukan Israel di perairan internasional menuju pantai Jalur Gaza pada Rabu (1/10) malam pukul 20.30 waktu setempat. Sebanyak delapan kapal terpaksa berhenti setelah dicegat Israel. Sebanyak dua kapal rombongan Global Sumud Flotilla berhasil lolos dari sergapan Israel dan melanjutkan pelayaran ke pantai Jalur Gaza.  ADVERTISEMENT SCROLL TO CONTINUE WITH CONTENT Aljazeera melaporkan, dua kapal tersebut adalah kapal bernama Meteque dan All dari jenis Yacht. Kedua kapal itu ""menentang perintah pasukan Israel untuk berhenti"" dan melanjutkan perjalanan ke Gaza,"" dikutip dariAljazeera. Pihak Global Sumud Flotilla menyatakan bahwa kapal-kapal itu berada sekitar 60 nautical miles atau sekitar 111 kilometer dari garis pantai Gaza.  Sebelumnya, pasukan Israel (IDF) menyerbu delapan kapal dalam rombongan Global Sumud Flotilla. Mereka menculik dan menahan para aktivis kemanusiaan termasuk aktivis perubahan iklim dari Swedia Greta Thunberg. Kapal-kapal yang diserbu pasukan Israel itu antara lain Deir Yassine/Mali, Huga, Spectre, Adara, Alma, Sirius, Aurora dan Grande Blue, dilansir dariAljazeera.  Pihak GSF mengonfirmasi bahwa sekitar delapan kapal diserbu pasukan Israel dan para awaknya dipaksa diangkut ke kapal-kapal mereka. ""Sekitar pukul 20.30, sejumlah kapal Global Sumud Flotilla termasuk Alma, Sirius, dan Adara, secara ilegal dicegat dan diseret merapat oleh pasukan penjajah Israel di perairan internasional,"" demikian keterangan GSF, seperti dikutip dari AFP.",https://www.cnnindonesia.com/internasional/20251002082135-120-1280007/global-sumud-flotilla-dicegat-israel-2-kapal-lolos-lanjut-ke-gaza
1280040,"Jane Goodall Wafat, Pembuka Tabir Dunia Kera hingga Imaji soal Tarzan",internasional,"Ilmuwan dan aktivis pelindung satwa primataJane Goodallmeninggal dunia di usia 91 tahun, Rabu (1/10). Kabar duka itu disampaikan lembaganya, Jane Goodall Institute, dalam unggahan di media sosial.  ADVERTISEMENT SCROLL TO CONTINUE WITH CONTENT ""Penemuan Dr Goodall sebagai seorang etolog merevolusi ilmu pengetahuan, dan dia merupakan advokat yang tak kenal lelah demi perlindungan dan pemulihan alam kita,"" demikian pernyataan Jane Goodall Institute. Menurut lembaganya, Goodall meninggal dunia di California karena sebab alamiah saat melakukan tur di Amerika Serikat. Jane Goodall merupakan ahli primata dan konservasionis yang semasa hidupnya bertekad mendorong manusia untuk menjaga bumi. Ia dikenal akan karyanya dalam mempelajari perilaku primata. Dengan kata lain, Jane Goodall merupakan tokoh perintis yang membuka tabir misteri tentang dunia primata, khususnya perilaku kera seperti simpanse, dalam penelitian seumur hidupnya.  Dilansir dariCNN, studi lapangannya dengan simpanse telah mendobrak batasan bagi perempuan dan mengubah cara ilmuwan mempelajari hewan. Goodall memberikan nama pada simpanse, alih-alih angka. Ia juga mengamati kepribadian unik satwa tersebut dan mendokumentasikan emosi mereka hingga mengaburkan batas antara manusia dan hewan. Pertemuan Goodall dengan simpanse tua yang ia beri nama David Graybeard menjadi momen yang paling fenomenal. Setelah mengikuti David mengarungi hutan, Goodall mencoba menawarinya sebutir kacang.  ""Dia mengambil kacang tersebut, menjatuhkannya, namun dengan sangat lembut meremas jemari saya,"" kenang Goodall. ""Begitulah cara simpanse saling meyakinkan,"" lanjutnya. Selama hidup di antara simpanse di Gombe, Goodall menemukan bahwa simpanse memakan daging layaknya manusia. Mereka tidak hanya menggunakan alat, tetapi juga menciptakan alat tersebut. ""Saya menyaksikan dengan takjub ketika simpanse-simpanse itu pergi ke gundukan rayap, mengambil ranting berdaun kecil, lalu mencabuti daunnya,"" kata Goodall dalam film dokumenter tahun 2017 berjudul Jane.  Ranting-ranting itu kemudian dipakai untuk menusuk gundukan guna memudahkan mereka memakannya. ""Itu adalah modifikasi objek, awal mula pembuatan alat. Hal tersebut belum pernah terlihat sebelumnya,"" ucap Goodall. Goodall adalah salah satu dari tiga perempuan yang dipilih oleh Leakey untuk mempelajari primata di habitat aslinya sebagai bagian dari upaya untuk lebih memahami evolusi manusia.  Goodall berfokus pada simpanse, sementara Dian Fossey mempelajari gorila dan Birutė Galdikas mempelajari orangutan. Mereka terkadang disebut ""Leakey's Angels"", merujuk pada serial TV populer tahun 1970-an, Charlie's Angels. Dunia baru mengetahui tentang Goodall dan karyanya pada 1963 setelah artikel pertamanya muncul di National Geographic dengan judul ""My Life Among Wild Chimpanzees"". Bersambung ke halaman berikutnya... Dalam podcast Infinite Potential pada 2019, Goodall mengaku ketertarikannya pada perilaku hewan muncul sejak kecil, tepatnya saat ia berusia empat setengah tahun. Saat itu, ibunya mengajak dia mengunjungi sebuah peternakan di pedesaan. ""Itu sungguh mengasyikkan, saya masih ingat bertemu sapi, babi, dan domba secara langsung,"" kenang Goodall.  Di peternakan, Goodall berjalan menuju kandang ayam. Di sana, ia menunggu dengan sabar untuk mengamati ayam betina bertelur. ""Ibu sudah putus asa mencari saya, tidak seorang pun tahu di mana saya berada. Mereka sampai menelepon polisi. Anda bisa bayangkan betapa khawatirnya dia, tapi ketika dia melihat mata saya yang berbinar, (dia) duduk untuk mendengarkan kisah menakjubkan tentang bagaimana seekor ayam bertelur,"" ucap Goodall. Goodall menghabiskan sebagian besar masa kecilnya di luar, di puncak pohon favoritnya, untuk membaca dan mengkhayal tentang ""kehidupan di hutan bersama Tarzan."" Dalam bukunya, Reason for Hope: Spiritual Journey (2000), ia mengaku mungkin dirinya telah membaca semua buku tentang Tarzan dan sangat cemburu dengan tokoh Jane.  ""Melamun tentang kehidupan di hutan bersama Tarzan-lah yang membulatkan tekad saya untuk pergi ke Afrika, hidup bersama hewan, dan menulis buku tentang mereka. Saya juga pergi ke Beech hanya untuk menjadi diri sendiri, untuk berpikir,"" katanya. Ia pun berseloroh tentang tokoh Tazan yang kebetulan memiliki nama depan sama dengan tokoh pendukung dalam cerita fiksi tersebut, Jane Porter. ""Apa yang dilakukan Tarzan? Dia menikahi Jane yang salah,"" kata Jane, berseloroh, dikutip dariNewsweek.",https://www.cnnindonesia.com/internasional/20251002095458-134-1280040/jane-goodall-wafat-pembuka-tabir-dunia-kera-hingga-imaji-soal-tarzan
1279907,"Didatangi Basuki, Purbaya Beri 3 Dukungan Pendanaan Buat IKN",ekonomi,"Menteri Keuangan (Menkeu)Purbaya Yudhi Sadewaberjanji memberi 3 dukungan pendanaan untukIKNNusantara usai didatangi Kepala OtoritaBasuki Hadimuljono. Purbaya menjamu Basuki di Kantor Pusat Direktorat Jenderal Pajak (DJP) Kementerian Keuangan, Jakarta Selatan pada Rabu (1/10). Basuki tidak sendiri. Ia ditemani oleh jajaran Otorita IKN. ""Menkeu Purbaya turut memberikan dukungan atas 3 skema pembiayaan untuk kelanjutan pembangunan IKN,"" tulis keterangan di akun Instagram @menkeuri. ADVERTISEMENT SCROLL TO CONTINUE WITH CONTENT Pertama,Purbaya berjanji memberikan dukungan pendanaan melalui Anggaran Pendapatan dan Belanja Negara (APBN). Sang Bendahara Negara belum merinci berapa angka pasti yang dikucurkan untuk melanjutkan pembangunan ibu kota anyar tersebut.  Kedua,pendanaan melalui kerja sama pemerintah dan badan usaha (KPBU).Ketiga, foreign direct investment(FDI) alias investasi asing. Purbaya dan Bos IKN Basuki juga membahas hal lain di luar pendanaan. Sang Bendahara Negara mengatakan dirinya menerima laporan progres pembangunan IKN Nusantara. Purbaya juga mendengar update lainnya setelah IKN resmi ditetapkan Presiden Prabowo Subianto menjadi ibu kota politik mulai 2028 mendatang. ""Pak Basuki melaporkan progres program pembangunan IKN setelah terbitnya Perpres Nomor 79 Tahun 2025 yang menetapkan IKN sebagai ibu kota politik pada 2028,"" tuturnya.  Menteri keuangan yang baru menjabat sejak Senin (8/9) itu memang masih menaruh perhatian pada nasib IKN. Purbaya mencontohkan pemerintah menganggarkan Rp5,7 triliun untuk IKN pada 2025, termasuk yang tercecer di Kementerian Pekerjaan Umum (PU). Ia bahkan berjanji mendorong lebih cepat lagi pembangunan ibu kota baru itu pada tahun depan. Namun, mantan ketua dewan komisioner Lembaga Penjamin Simpanan (LPS) itu tak menyebut angka pasti yang disiapkan untuk menggarap IKN di 2026. ""IKN masih didorong. Tahun depan (2026) dorong lebih cepat lagi ... Itu kan investasi cukup besar (di IKN Nusantara). Kita harapkan nanti ketika kelihatan mulai jalan, swasta juga mulai masuk ke sana,"" kata Purbaya usai Rapat Paripurna di DPR RI, Jakarta Pusat, Selasa (23/9). ""Tapi saya akan menunggu perintah Presiden (Prabowo Subianto) seperti apa,"" imbuhnya soal kepastian APBN dalam menopang pembangunan IKN.  Kebutuhan anggaran IKN 2025-2028 (menurut Otorita): a. 2025: Rp14,40 triliunb. 2026: Rp17,08 triliun (kebutuhan anggaran naik menjadi Rp21,1 triliun)c. 2027: Rp14,64 triliund. 2028: Rp2,68 triliun  Realisasi APBN untuk IKN: a. Total anggaran sejak 2022: Rp77 triliunb. Realisasi 2022: Rp5,5 triliunc. Realisasi 2023: Rp27 triliund. Pagu 2024: Rp44,5 triliun (realisasi Rp43,3 triliun per Januari 2025) [Gambas:Video CNN] ",https://www.cnnindonesia.com/ekonomi/20251001210351-532-1279907/didatangi-basuki-purbaya-beri-3-dukungan-pendanaan-buat-ikn
1279962,"Timnas Indonesia Memasuki Waktu Rawan, Cedera Mengintai Garuda",olahraga,"Tersisa kurang dari dua pekanTimnas Indonesiabakal menjalani laga penting di putaran keempat Kualifikasi Piala Dunia 2026. Namun cedera tengah mengintai skuad Garuda. Timnas Indonesia akan menghadapi Arab Saudi (9 Oktober) dan Irak (12 Oktober). Salah satu tantangan besar yang dihadapi adalah kalender FIFA Matchday Oktober dan jadwal kompetisi klub yang berimpitan. Waktu yang sempit jelas membatasi sang pelatih, Patrick Kluivert untuk membentuk kekuatan. Namun keadaan ini bukan pilihan dan Timnas Indonesia bukan satu-satunya pihak yang menghadapi situasi demikian. ADVERTISEMENT SCROLL TO CONTINUE WITH CONTENT  Kluivert harus menerima kenyataan para pemain masih merumput satu hari sebelum kalender FIFA Matchday dimulai pada 6 Oktober. Banyak penggawa skuad Garuda yang berlaga hingga 5 Oktober di klub masing-masing. Tiga contoh nyata adalah Calvin Verdonk yang dijadwalkan bertarung lawan Paris Saint-Germain (PSG). Lalu Kevin Diks bersama Borussia Monchengladbach kontra SC Freiburg, dan Dean James dengan Go Ahead Eagles menghadapi NEC Nijmegen. Tiga laga tersebut sama-sama bergulir pada 5 Oktober waktu Eropa. Praktis rata-rata pemain diaspora di Eropa baru bisa menyusul rombongan Timnas Indonesia pada 6 Oktober. Waktu efektif latihan mungkin hanya dua hari karena pertandingan lawan Arab Saudi bergulir pada 8 Oktober waktu Jeddah. Tantangan berikutnya yang dihadapi adalah kemungkinan cedera karena jadwal yang begitu padat. Bukan tak mungkin pemain mengalami masalah fisik pada rata-rata dua laga ke depan. Terutama bagi mereka yang jadi andalan di tim utama. Ini belum termasuk ke daftar pemain cedera Timnas Indonesia. Saat ini ada tiga nama yang tercatat masih belum prima, yakni Ole Romeny, Emil Audero, dan Maarten Paes.    Ole Romeny belum diketahui perkiraan kembali merumput setelah cedera parah di Piala Presiden 2025. Striker 25 tahun itu belum tampil bersama Oxford United musim ini. Namun tanda-tanda pemulihan sudah terlihat karena mulai berlatih pada pekan lalu. Kemudian Maarten Paes masih masuk ke dalam daftar pemain cedera di FC Dallas. Kiper yang sudah absen empat laga bersama Timnas Indonesia. Dua di antaranya akibat cedera hamstring. Kabar buruk juga bisa makin membatasi skuad Garuda ketika Emil Audero dikabarkan cedera hingga diperkirakan absen dua pekan. Emil cedera dalam sesi pemanasan dan batal main kontra Como di Serie A pada akhir pekan lalu. Sedikit napas lega bisa berhembus setelah Ketua Badan Tim Nasional (BTN) Sumardji menyatakan Emil Audero dan Maarten Paes tidak dalam kondisi cedera parah. Meski ada kans Emil dan Maarten bisa prima di medan laga, Patrick Kluivert tetap perlu punya segudang cara untuk mengantisipasi segala kemungkinan. Memaksimalkan pemain yang berkompetisi di Indonesia bisa jadi salah satu opsinya. Dalam daftar pemain Timnas Indonesia, ada tiga kiper yang ikut serta. Selain Emil dan Maarten, Ernando Ari masuk ke dalam jajaran. Ernando Ari sudah berpengalaman menjaga gawang Indonesia di berbagai ajang penting seperti Piala Asia 2023, lalu putaran pertama dan kedua Kualifikasi Piala Dunia 2026, serta ajang internasional lainnya. Namun kiper 23 tahun itu sudah cukup lama tak berada di bawah mistar gawang Timnas Indonesia. Terakhir kali, stopper Persebaya Surabaya itu tampil lawan Filipina di putaran kedua Kualifikasi Piala Dunia 2026 pada November 2024. Nyaris satu tahun tak mengemban tanggung jawab, pelatih harus benar-benar bisa membentuk mental Ernando. Pengalamannya tampil lawan tim besar seperti Irak, Vietnam, Australia, hingga Jepang bisa jadi bahan pelajaran. Menyoal pemain lain, Kluivert juga bisa memaksimalkan rombongan dari Indonesia untuk menyusun formula. Tim Merah Putih rencananya bertolak ke Arab Saudi pada Kamis (2/10) pagi. Kira-kira ada waktu empat hari bagi Kluivert untuk mengasah pemain yang sudah tiba lebih dulu sebelum penggawa yang lain berdatangan. Ada 12 pemain skuad Timnas Indonesia yang berkarier di dalam negeri. Mereka bisa lebih dulu ke Arab Saudi berhubung Super League 2025/2026 libur sementara per 2 Oktober. Pemain yang berpentas di kompetisi domestik turut jadi andalan di Timnas Indonesia. Beberapa di antaranya yakni Rizky Ridho, Thom Haye, Yakob Sayuri, Eliano Reijnders, Beckham Putra, dan Rizky Kambuaya. Kemudian pemain lain juga penting sebagai pengubah permainan atau game changer seperti Stefano Lilipaly, Yance Sayuri, Jordi Amat, dan Ernando Ari. Nama-nama ini bisa mendapat program lebih intensif dari pelatih. Kluivert bisa mencoba berbagai variasi strategi dengan pemain yang sudah ada. Dua laga ekhsibisi di FIFA Matchday September dapat jadi acuan. Setelah skuad komplet beberapa hari kemudian, Kluivert dapat finalisasi formula yang akan diterapkan. Timnas Indonesia punya kesempatan bicara banyak di Arab Saudi demi asa menuju Piala Dunia 2026.  [Gambas:Video CNN] ",https://www.cnnindonesia.com/olahraga/20251002060817-142-1279962/timnas-indonesia-memasuki-waktu-rawan-cedera-mengintai-garuda
1279959,"Kisah Tim Evakuasi Haical, Santri Terjebak Runtuhan Pesantren 48 Jam",nasional,"Syahlendra Haical R. A (13), salah satusantrikorban ambruknya gedung Ponpes Al Khoziny,Sidoarjo, Jawa Timur akhirnya berhasil dievakuasi setelah terjebak lebih dari 48 jam terjebak di reruntuhan, sejak Senin (29/9). Proses evakuasi Haical dilakukan dengan sangat hati-hati. Petugas bahkan harus membuka tunnel atau lubang di tanah untuk membuka akses evakuasi. Ia dievakuasi dengan tandu dan ditarik oleh petugas. Saat dievakuasi pada Rabu (1/10) sore, Haikal terlihat dalam kondisi lemas. Petugas sempat memanggil-manggil nama Haical. Ia tak memberikan respons suara, namun ia masih sadar, ia terlihat beberapa kali mengedipkan mata. ADVERTISEMENT SCROLL TO CONTINUE WITH CONTENT ""Berkat doa dari seluruh masyarakat Indonesia hari ini sesuai yang saya sampaikan, ada 15 titik yang bisa kita deteksi, dan alhamdulillah dua korban telah terevakuasi,"" kata Kepala Basarnas Marsekal Madya TNI Mohammad Syafii.  Sebelum menyelamatkan Haical, tim rescue dari DPKP Kota Surabaya sempat lebih dulu melakukan komunikasi ke Haical dan satu korban lain bernama Yusuf melalui celah sempit. Terlihat tangan dan tubuh korban terjepit di antara reruntuhan. Seorang petugas tim rescue bernama Aziz kemudian mengajak Haical dan Yusuf yang terjebak reruntuhan untuk berkomunikasi. Aziz memberinya semangat agar mereka sabar menunggu proses penyelamatan. ""Yusuf, umurmu berapa? Apa yang luka,"" kata tim Rescue bernama Aziz itu. Yusuf dari celah reruntuhan kemudian menjawab bahwa umurnya 16 tahun. Ia mengaku tak ada bagian yang luka, hanya saja tubuhnya terjepit. Aziz kemudian juga bertanya ke Haical. Haical mengaku bahwa ada beberapa bagian tubuhnya yang sakit. ""Iya, semuanya sakit,"" kata Haical. Aziz kemudian memberi semangat pada keduanya agar tetap bersabar. Ia meyakinkan bahwa petugas kini sedang berusaha semaksimal mungkin menyelamatkan mereka. ""Sabar ya nak ya, ini usaha,"" ucapnya.  Aziz menyebut, evakuasi Haical membutuhkan waktu yang panjang. Petugas kesulitan karena terhalang reruntuhan bangunan. ""Butuh beberapa waktu, karena saya saja untuk berjalan merayap sangat kesulitan,"" kata dia. Aziz juga menuturkan bahwa posisi Yusuf berada di arah angka jam 1 dua meter dari posisinya. Sementara Haical di arah angka jam 12 empat meter dari posisinya. ""Haical ini di arah jam 1, dua meter dari jarak saya, Yusuf arah jam 12, kurang lebih 4 meter dari saya, untuk cidera tidak ada. Hanya kejepit saja,"" ujar Aziz. Yusuf akhirnya berhasil dievakuasi pada Selasa (30/9) pukul 01.58 WIB dini hari. Sedangkan Haical berhasil diselamatkan pukul 15.10 WIB, Rabu sore.  Direktur Utama RSUD R.T. Notopuro Sidoarjo dr Atok Irawan mengatakan, Haical dalam kondisi sehat. Hasil rontgent menunjukkan anak 13 tahun itu mengalami luka berarti. ""Hanya lecet dan observasi aja masih lemah. Mulai torak, panggul, kaki, jari juga semuanya normal, enggak ada masalah,"" kata Atok. Haical saat ini sedang diobservasi tim dokter di IGD RS, karena kondisinya lemas dan dehidrasi. ""Mungkin kulitnya agak tergencet ya, agak kebiru-biruan tapi aman, insyaAllah aman semua,"" ungkapnya. Sebelumnya, gedung tiga lantai termasuk musala di asrama putra Pondok Pesantren Al Khoziny di Buduran, Sidoarjo, ambruk, Senin (29/9) sore. Saat kejadian, diketahui ada ratusan santri sedang melaksanakan Salat Ashar berjemaah di gedung yang masih dalam tahap pembangunan tersebut. Dengan temuan itu, hingga Rabu (1/10) sore, terdapat 104 orang korban telah dievakuasi. Dari jumlah itu, tiga empat di antaranya dilaporkan meninggal dunia. Diperkirakan masih ada 91 orang yang terjebak di reruntuhan. ",https://www.cnnindonesia.com/nasional/20251002060714-20-1279959/kisah-tim-evakuasi-haical-santri-terjebak-runtuhan-pesantren-48-jam
1279967,Fakta Terbaru Musala Ponpes Sidoarjo Ambruk: Korban Meninggal Jadi 5,nasional,"Bangunan musala tiga lantai di asrama putra Pondok Pesantren (Ponpes) Al Khoziny di Buduran,Sidoarjo, ambruk pada Senin (29/9) sore. Saat kejadian, ada puluhan hingga ratusan santri sedang melaksanakan Salat Ashar berjemaah di gedung yang masih dalam tahap pembangunan tersebut. Proses evakuasi masih dilakukan hingga Rabu (1/10) lalu. CNNIndonesia.commerangkum sejumlah kabar terkait peristiwa itu. ADVERTISEMENT SCROLL TO CONTINUE WITH CONTENT Korban meninggal dunia ambruknya gedung tiga lantai termasuk musala di Pondok Pesantren Al Khoziny, Buduran, Sidoarjo, Jawa Timur kembali bertambah. Dengan demikian total korban tewas saat ini tercatat menjadi lima orang per Rabu (1/10) malam. Direktur Operasi pencarian dan Pertolongan Basarnas RI Laksamana Pertama TNI Yudhi Bramantyo selaku SAR Mission Coordinator (SMC) mengatakan pada operasi pencarian hari ke-3 ini, tim rescue berhasil mengevakuasi 7 korban dari reruntuhan.  Dari jumlah itu, lima korban ditemukan dalam kondisi selamat dan mengalami luka-luka. Sedangkan dua lainnya meninggal dunia. ""Pada hari ini kita telah berhasil mengevakuasi tujuh korban dengan rincian lima selamat dan dua dalam kondisi meninggal dunia,"" kata Bramantyo di Posko SAR Gabungan, Rabu (1/10) malam. Dua korban dievakuasi lebih dulu dari sektor A1 atau bagian depan reruntuhan di sisi kiri. Keduanya yakni Mr X yang ditemukan dalam kondisi meninggal dunia pada pukul 14.42 WIB, ia ditemukan dalam kondisi meninggal dunia dengan bersujud. Berikutnya adalah korban HK yang dievakuasi dalam kondisi selamat pukul 15.52 WIB. Tim SAR Gabungan kemudian kembali menemukan korban selamat secara atas nama WH pukul 16.05 WIB, korban selamat atas nama PTRA pada 18.02 WIB, dan FTH pukul 18.40 WIB dan RSI pada pukul 20.22. Para korban selamat itu kemudian dirujuk ke RSUD RT Notopuro Sidoarjo untuk mendapatkan pertolongan. Terutama SF yang mengalami cedera fraktur atau patah tulang. Lalu, petugas juga mengevakuasi satu korban tewas yang belum diketahui identitasnya pada pukul 18.17 WIB. Diperkirakan masih ada puluhan orang yang terjebak di reruntuhan. Basarnas mengejar golden time atau rentang waktu kritis dalam proses evakuasi santri yang jadi korban. ""Jadi kita mengharapkan operasi bisa segera kita selesaikan. Saat ini kita mengejar golden time, karena dimungkinkan dari golden time inilah yang kita detect masih ada kehidupan ini masih memungkinkan untuk bisa kita selamatkan dalam kondisi hidup,"" kata Kepala Basarnas Marsekal Madya Mohammad Syafii. Syafii menyebut sesuai teori golden time rentang waktunya hingga 72 jam pascakejadian. ""Sesuai teori memang 72 jam, namun saat kita sudah bisa menyentuh korban, kita sudah bisa suplai minuman vitamin, bahkan infus, memungkinkan yang bersangkutan bisa bertahan lebih lama,"" kata dia. Basarnas tidak bisa menggunakan alat berat untuk mengevakuasi korban yang tertimpa bangunan. Kepala Sub Direktorat Pengarahan dan Pengendalian Operasi Bencana dan Kondisi Membahayakan Manusia Basarnas, Emi Freezer, mengatakan ada dampak lanjutan apabila alat berat digunakan. ""Kemudian pada saat kita posisi untuk mengangkat beban pada akses A1 untuk membuat celah agar bisa bekerja lebih maksimal, namun ternyata memberikan dampak pada sisi reruntuhan yang ada bersambungan dengan gedung yang ada di depan,"" kata Emi dalam konferensi pers Emi menjelaskan reruntuhan gedung itu dibagi menjadi tiga sektor atau zona. Sektor pertama ialah A1 yang berada di bagian depan, sektor kedua atau A2 berada di bagian belakang, sedangkan sektor A3 terletak di bagian atas reruntuhan. Berdasarkan kesulitan yang dihadapi di lapangan, ia menjelaskan target utama yang dikerjakan SAR gabungan adalah menyisir titik-titik yang tidak bisa diakses langsung. Setidaknya terdapat 6 titik yang belum bisa dijangkau tim penyelamat. Gempa magnitudo 6,5 yang mengguncang wilayah Sumenep, Jawa Timur, Senin (30/9) pukul 23.49 WIB malam berdampak ke reruntuhan musala Ponpes Sidoarjo. Emi menyebut, dampak gempa itu membuat celah tempat korban terjebak, menjadi menyempit. ""Sebelum kegempaan posisi bordes (garis batas celah) kurang lebih sekitar 15 cm dari surface atau dari lantai. Dengan posisi korban masih bisa bisa menggerakkan kepala. Namun setelah pasca kegempaan semalam, posisi Bordes turun signifikan. Kurang lebih 10 cm,"" kata Emi. Dengan menyempitnya celah reruntuhan itu, Emi mengatakan kondisi korban yang terjebak tentu makin terhimpit dan tertekan material. ""Sekarang kita bayangkan berapa diameter lingkar kepala untuk anak usia rata-rata remaja. Ini kurang lebih sekitar 10 sampai 12 cm,"" ucapnya.  ",https://www.cnnindonesia.com/nasional/20251002063047-20-1279967/fakta-terbaru-musala-ponpes-sidoarjo-ambruk-korban-meninggal-jadi-5
1280007,"Global Sumud Flotilla Dicegat Israel, 2 Kapal Lolos & Lanjut ke Gaza",internasional,"ArmadaGlobal Sumud Flotilla(GSF) untuk bantuan kemanusiaan diGazayang terdiri dari 45 kapal maupun jenis Yacht dicegat pasukan Israel di perairan internasional menuju pantai Jalur Gaza pada Rabu (1/10) malam pukul 20.30 waktu setempat. Sebanyak delapan kapal terpaksa berhenti setelah dicegat Israel. Sebanyak dua kapal rombongan Global Sumud Flotilla berhasil lolos dari sergapan Israel dan melanjutkan pelayaran ke pantai Jalur Gaza.  ADVERTISEMENT SCROLL TO CONTINUE WITH CONTENT Aljazeera melaporkan, dua kapal tersebut adalah kapal bernama Meteque dan All dari jenis Yacht. Kedua kapal itu ""menentang perintah pasukan Israel untuk berhenti"" dan melanjutkan perjalanan ke Gaza,"" dikutip dariAljazeera. Pihak Global Sumud Flotilla menyatakan bahwa kapal-kapal itu berada sekitar 60 nautical miles atau sekitar 111 kilometer dari garis pantai Gaza.  Sebelumnya, pasukan Israel (IDF) menyerbu delapan kapal dalam rombongan Global Sumud Flotilla. Mereka menculik dan menahan para aktivis kemanusiaan termasuk aktivis perubahan iklim dari Swedia Greta Thunberg. Kapal-kapal yang diserbu pasukan Israel itu antara lain Deir Yassine/Mali, Huga, Spectre, Adara, Alma, Sirius, Aurora dan Grande Blue, dilansir dariAljazeera.  Pihak GSF mengonfirmasi bahwa sekitar delapan kapal diserbu pasukan Israel dan para awaknya dipaksa diangkut ke kapal-kapal mereka. ""Sekitar pukul 20.30, sejumlah kapal Global Sumud Flotilla termasuk Alma, Sirius, dan Adara, secara ilegal dicegat dan diseret merapat oleh pasukan penjajah Israel di perairan internasional,"" demikian keterangan GSF, seperti dikutip dari AFP.",https://www.cnnindonesia.com/internasional/20251002082135-120-1280007/global-sumud-flotilla-dicegat-israel-2-kapal-lolos-lanjut-ke-gaza
1279983,"Global Sumud Flotilla Dicegat IDF, Kolombia Usir Semua Diplomat IsraelInternasional",internasional,"Armada Global Sumud Flotilla (GSF) diculikIsraeldi perairan internasional menuju pantai Jalur Gaza pada Rabu (1/10) malam pukul 20.30 waktu setempat. Aksi itu membuat Presiden Kolombia Gustavo Petro murka dan langsung mengusir seluruh diplomat Israel dariKolombia.  ADVERTISEMENT SCROLL TO CONTINUE WITH CONTENT Di atas kapal-kapal konvoi GSF yang diserbu pasukan Israel (IDF), terdapat dua aktivis Kolombia yang juga diculik Israel. Nama aktivis Swedia Greta Thunberg juga termasuk yang dibawa paksa menuju pelabuhan Israel. Menurut laporanAljazeera, setidaknya ada delapan kapal rmbongan Global Sumud Flotilla yang dicegat Israel. Kapal-kapal itu antara lain Deir Yassine/Mali, Huga, Spectre, Adara, Alma, Sirius, Aurora dan Grande Blue.  Petro langsung memberikan pernyataan setelah dua perempuan aktivis Kolombia ditahan pasukan IDF, dikutip dariAFP. Ia menyatakan bahwa dua perempuan Kolombia ""yang bergabung dalam aktivitas solidaritas kemanusiaan untuk Palestina"" ditahan oleh pasukan Israel di perairan internasional.  Dalam pernyataan itu, kantor kepresidenan menyebutkan dua nama warga negara Kolombia, Manuela Bedoya dan Luna Barreto, merupakan bagian dari rombongan Global Sumud Flotilla. Kolombia mendesak agar keduanya segera dibebaskan. Hubungan pemerintahan Kolombia mulai memburuk dengan Israel sejak setahun lalu karena Tel Aviv tetap bersikeras melakukan agresi ke Jalur Gaza. Meski demikian, masih terdapat empat diplomat Israel yang ditugaskan di Kolombia hingga kini. Petro pun mengumumkan saat ini melalui akun X mengenai keputusan tegasnya mengusir ""seluruh delegasi diplomatik Israel"" karena apa yang ia sebut sebagai ""kejahatan baru internasional"" oleh Perdana Menteri Benjamin Netanyahu. Ia juga secara sepihak menghentikan kesepakatan perdagangan bebas dengan Israel yang disepakati sejak 2020.  Petro termasuk pemimpin negara yang sangat tegas mengecam Israel di Sidang Majelis Umum PBB pada September silam. Dalam pidatonya, ia menyebut Netanyahu telah melakukan ""genosida."" Ia juga menuduh Presiden Amerika Serikat Donald Trump ""bersekongkol"" dalam ""genosida."" Petro kemudian ikut aksi demonstrasi dukung Palestina di New York pada pekan lalu. Washington kemudian mencabut visanya.",https://www.cnnindonesia.com/internasional/20251002073815-120-1279983/global-sumud-flotilla-dicegat-idf-kolombia-usir-semua-diplomat-israel
1279907,"Didatangi Basuki, Purbaya Beri 3 Dukungan Pendanaan Buat IKNEkonomi",ekonomi,"Menteri Keuangan (Menkeu)Purbaya Yudhi Sadewaberjanji memberi 3 dukungan pendanaan untukIKNNusantara usai didatangi Kepala OtoritaBasuki Hadimuljono. Purbaya menjamu Basuki di Kantor Pusat Direktorat Jenderal Pajak (DJP) Kementerian Keuangan, Jakarta Selatan pada Rabu (1/10). Basuki tidak sendiri. Ia ditemani oleh jajaran Otorita IKN. ""Menkeu Purbaya turut memberikan dukungan atas 3 skema pembiayaan untuk kelanjutan pembangunan IKN,"" tulis keterangan di akun Instagram @menkeuri. ADVERTISEMENT SCROLL TO CONTINUE WITH CONTENT Pertama,Purbaya berjanji memberikan dukungan pendanaan melalui Anggaran Pendapatan dan Belanja Negara (APBN). Sang Bendahara Negara belum merinci berapa angka pasti yang dikucurkan untuk melanjutkan pembangunan ibu kota anyar tersebut.  Kedua,pendanaan melalui kerja sama pemerintah dan badan usaha (KPBU).Ketiga, foreign direct investment(FDI) alias investasi asing. Purbaya dan Bos IKN Basuki juga membahas hal lain di luar pendanaan. Sang Bendahara Negara mengatakan dirinya menerima laporan progres pembangunan IKN Nusantara. Purbaya juga mendengar update lainnya setelah IKN resmi ditetapkan Presiden Prabowo Subianto menjadi ibu kota politik mulai 2028 mendatang. ""Pak Basuki melaporkan progres program pembangunan IKN setelah terbitnya Perpres Nomor 79 Tahun 2025 yang menetapkan IKN sebagai ibu kota politik pada 2028,"" tuturnya.  Menteri keuangan yang baru menjabat sejak Senin (8/9) itu memang masih menaruh perhatian pada nasib IKN. Purbaya mencontohkan pemerintah menganggarkan Rp5,7 triliun untuk IKN pada 2025, termasuk yang tercecer di Kementerian Pekerjaan Umum (PU). Ia bahkan berjanji mendorong lebih cepat lagi pembangunan ibu kota baru itu pada tahun depan. Namun, mantan ketua dewan komisioner Lembaga Penjamin Simpanan (LPS) itu tak menyebut angka pasti yang disiapkan untuk menggarap IKN di 2026. ""IKN masih didorong. Tahun depan (2026) dorong lebih cepat lagi ... Itu kan investasi cukup besar (di IKN Nusantara). Kita harapkan nanti ketika kelihatan mulai jalan, swasta juga mulai masuk ke sana,"" kata Purbaya usai Rapat Paripurna di DPR RI, Jakarta Pusat, Selasa (23/9). ""Tapi saya akan menunggu perintah Presiden (Prabowo Subianto) seperti apa,"" imbuhnya soal kepastian APBN dalam menopang pembangunan IKN.  Kebutuhan anggaran IKN 2025-2028 (menurut Otorita): a. 2025: Rp14,40 triliunb. 2026: Rp17,08 triliun (kebutuhan anggaran naik menjadi Rp21,1 triliun)c. 2027: Rp14,64 triliund. 2028: Rp2,68 triliun  Realisasi APBN untuk IKN: a. Total anggaran sejak 2022: Rp77 triliunb. Realisasi 2022: Rp5,5 triliunc. Realisasi 2023: Rp27 triliund. Pagu 2024: Rp44,5 triliun (realisasi Rp43,3 triliun per Januari 2025) [Gambas:Video CNN] ",https://www.cnnindonesia.com/ekonomi/20251001210351-532-1279907/didatangi-basuki-purbaya-beri-3-dukungan-pendanaan-buat-ikn
1279984,Netizen Berdebat Usai Daftar 32 Pemain Timnas U-23 SEA Games RilisOlahraga,olahraga,"Netizen riuh usai daftar 32 pemainTimnas Indonesia U-23untuk SEA Games diumumkan. Persoalannya, banyak pemain naturalisasi atau abroad yang kali ini dipanggil untuk SEA Games, sementara hal ini tidak dilakukan saat Piala AFF U-23 dan Kualifikasi Piala Asia U-23 2026. PSSI telah merilis daftar 32 pemain yang masuk dalam skuad Timnas Indonesia untuk mengikuti pemusatan latihan dan laga persahabatan jelang SEA Games 2025. Ivar Jenner dan Rafael Struick masuk di dalamnya. Dalam rilis daftar pemain tersebut, terdapat sejumlah pemain yang berkiprah di luar negeri. Di antaranya adalah Ivar Jenner, Tim Geypens, dan Adrian Wibowo. ADVERTISEMENT SCROLL TO CONTINUE WITH CONTENT Kehadiran ketiga pemain ini di skuad SEA Games jelas jadi suntikan berharga bagi Skuad Garuda. Sebelumnya di Piala AFF U-23 dan Kualifikasi Piala Asia U-23, Gerald Vanenburg hanya bisa memanggil Jens Raven dan Dion Markx. Sedangkan untuk nama-nama yang punya pengalaman di timnas senior, terdapat pula sosok Rafael Struick, Muhammad Ferarri, dan Hokky Caraka. Nama-nama ini juga bisa jadi pemain kunci Indonesia dalam misi memburu emas SEA Games. Namun, banyaknya pemain abroad yang akhirnya dipanggil ke Timnas Indonesia U-23 untuk SEA Games ini menimbulkan perdebatan di kalangan netizen.  ""Coach IS mempersiapkan skuad terbaik buat mempertahankan gelar emas SEA Games, jadi enggak apa-apa Ivar, Geyspen, dan lain-lain turun ke U-23, hitung-hitung membantu. Senior ya senior, U-23 ya U-23. intinya kita wajib support!"" kata seorang netizen. ""Komentarnya kebanyakan kalau ASEAN jangan panggil abroad.. pikir jernih lah bro, ini masih TC jangka panjang.. pelatih juga manfaatkan jeda FIFA.. apa salahnya pemain yang gak dipanggil senior ikut latihan??? Ini juga pasti ada unsur arahan dari Dirtek, supaya pemain bisa paham gaya main di timnas. PSSI kan lagi bangun filosofi, masalah pas SEA Games dipanggil atau enggak yaa urusan belakangan,"" ujar netizen lainnya. ""Iya gua tahu ini baru persiapan belum resmi main di SEA Games tapi andaikan boleh nolak gua berharap baik LAFC, Utrecht, dan Emmen menolak untuk melepas Adrian, Ivar, dan Geypens ke SEA Games nanti,"" kata netizen lainnya. [Gambas:Video CNN]",https://www.cnnindonesia.com/olahraga/20251002073902-142-1279984/netizen-berdebat-usai-daftar-32-pemain-timnas-u-23-sea-games-rilis
1279870,"Penjualan Pertalite Turun 5 Persen, Negara Hemat Rp12,6 TEkonomi",ekonomi,"Kementerian ESDMmencatat penjualan Bahan Bakar Minyak (BBM) jenisPertaliteturun 5,10 persen dari penyaluran 81.106 kiloliter (kl) per hari pada 2024 menjadi 76.970 kl per hari. Direktur Jenderal Minyak dan Gas Bumi (Dirjen Migas) Kementerian ESDM Laode Sulaeman mengatakan keuangan negara hemat sebesar Rp12,6 triliun untuk pembayaran kompensasi ke PT Pertamina (Persero) karena penurunan penjualan tersebut. ""Sebenarnya ini kalau dikaitkan dengan besaran kompensasi, maka kompensasi Pertalite itu turun dari Rp48,9 triliun, diproyeksikan bisa terjadi efisiensi sehingga hanya menjadi Rp36,314 triliun. Artinya ada efisiensi sebesar Rp12,6 triliun dengan adanya shifting ini,"" ujar Laode di Rapat Kerja dengan Komisi XII, Rabu (1/10). ADVERTISEMENT SCROLL TO CONTINUE WITH CONTENT Laode menyebutkan penurunan penjualan ini disebabkan oleh perubahan pola konsumsi di mana masyarakat beralih membeli BBM non subsidi seperti Pertamax dan Pertamax Turbo.  Tercatat, penjualan bensin non-subsidi naik, dari 19.061 KL pada 2024 menjadi 22.723 KL di tahun ini, naik hingga 19,21 persen. ""Jadi, konsumen yang tadinya pengguna RON 90 atau Pertalite itu cenderung turun dan beralih kepada RON yang lebih tinggi dari RON 90,"" jelasnya.  Kenaikan penjualan BBM non subsidi ini juga tercermin darimarket sharesebesar 11 persen pada 2024, kemudian naik menjadi 15 persen pada periode Januari sampai Juli 2025. ""Artinyamarket sharedari bensin non-subsidi ini meningkat,"" pungkasnya. [Gambas:Video CNN] ",https://www.cnnindonesia.com/ekonomi/20251001183957-85-1279870/penjualan-pertalite-turun-5-persen-negara-hemat-rp126-t
1278923,IPO Inalum 'Diparkir' Gara-gara DanantaraEkonomi,ekonomi,"Rencana PT Indonesia Asahan Aluminium (Inalum) melantai di bursa aliasinitial public offering(IPO) ternyata harus diparkir imbas hadirnyaDanantara. ""Saat ini kita masih parkir (rencana IPO Inalum),"" ujar Direktur Utama Inalum Melati Sarnita dalam Rapat Dengar Pendapat (RDP) di Komisi VI DPR RI, Jakarta Pusat, Senin (29/9). ""Karena kita masih diskusi strukturnya dengan Danantara. Karena ada inisiasi dari Danantara untuk investasi di beberapa proyek kita saat ini,"" jelasnya soal kelanjutan rencana IPO. ADVERTISEMENT SCROLL TO CONTINUE WITH CONTENT Rencanago publicitu sebenarnya sudah lama mencuat, setidaknya sejak 2021 lalu. Erick Thohir yang kala itu masih menjabat sebagai menteri Badan Usaha Milik Negara (BUMN) bahkan menginginkan Inalum melantai di bursa pada akhir 2022.  Erick kemudian menyuarakan lagi rencana IPO tersebut pada awal 2025. Menurutnya, kinerja positif perusahaan milik negara itu membuat Inalum berpeluang besar untuk melantai di bursa saham. ""Untuk IPO memang kita keluarkan dari milestone. Karena memang saat ini kita berdiskusi, dulunya kan kita taruh IPO itu sebelum ada Danantara, jadi kita diskusi dengan Danantara dulu,"" tutur Melati. ""Danantara akan masuk ke dalam beberapa proyek, apakah melalui direct investment, perbankan, dan lain-lain, atau bagaimana. Jadi, dalam milestone ini sudah kita keluarkan dulu (target IPO),"" imbuhnya. Melati sebelumnya mengatakan Inalum menargetkan Danantara bisa mendanai ekspansi proyek hilirisasi bauksit senilai US$4,4 miliar atau Rp71,8 triliun (asumsi kurs Rp16.338 per dolar AS).  Uang sebanyak itu diperlukan untuk ekspansi Smelter Grade Alumina Refinery (SGAR) di Mempawah, Kalimantan Barat. Inalum berniat menambah kapasitas produksi alumina serta aluminium dalam 5 tahun ke depan. Melati mengklaim Danantara memang sudah memasukkan proyek-proyek prioritas Presiden Prabowo Subianto ke dalam daftar rencana pendanaan. Ia menyebut 2 proyek yang dilirik dari PT Mineral Industri Indonesia (Persero) alias MIND ID selaku holding BUMN tambang adalah milik Inalum. [Gambas:Video CNN] ",https://www.cnnindonesia.com/ekonomi/20250929154900-85-1278923/ipo-inalum-diparkir-gara-gara-danantara
1279275,"2 Aplikasi Buatan Eks Intel Israel Populer di RI, Apakah Berbahaya?Teknologi",teknologi,"Sejumlahaplikasipopuler seperti Waze dan Moovit ternyata dibuat oleh perusahaan yang didirikan eks personel militer dan intelijenIsrael, IDF. Apakah aplikasi-aplikasi ini berbahaya? Sebagian aplikasi tersebut dikembangkan oleh perusahaan-perusahaan yang didirikan oleh alumni Unit 8200, divisi pengawasan dan perang siber elit militer Israel.  ADVERTISEMENT SCROLL TO CONTINUE WITH CONTENT Aplikasi buatan mata-mata Israel itu hadir dalam kategori yang beragam, mulai dari editor foto, game, hingga peta digital. Beberapa aplikasi bahkan cukup populer dan banyak digunakan masyarakat Indonesia, seperti aplikasi peta digital Waze dan aplikasi pemetaan transportasi umum Moovit. Hubungan erat antara rantai pasokan teknologi militer Israel dan aplikasi yang berkembang pesat menunjukkan betapa mendalamnya strategi militer negara zionis itu dalam ambisi teknologi globalnya. Alumni Unit 8200 bukan hanya developer, tetapi juga petugas keamanan siber dengan pengalaman mendalam di bidang intelijen dan pengawasan digital.  Meski sejumlah aplikasi ini cukup populer, ada kekhawatiran yang muncul dan menuding mereka melakukan praktik pengumpulan data. Menurut laporan TechTrends, banyak perusahaan ini dituduh menyisipkan adware, pelacak, atau mengumpulkan data pribadi dari penggunanya. Salah satu aplikasi bahkan diubah dari open source menjadi platform yang sangat dimonetisasi segera setelah diakuisisi oleh perusahaan Israel. Laporan tersebut juga mengungkap bahwa aplikasi-aplikasi ini sangat terintegrasi dalam perangkat mobile. Namun, sebagian besar pengguna tidak menyadari bahwa mereka menggunakan aplikasi intelijen Israel di ponselnya. Sejumlah platform bahkan dituding diam-diam mengubah kebijakan privasi mereka setelah akuisisi, menimbulkan kekhawatiran lebih lanjut tentang sejauh mana data pengguna terpapar. Berikut daftar aplikasi buatan intelijen Israel yang populer didownload: 1. ZipoApps (didirikan mantan agen intelijen Unit 8200)2. Bazaart (didirikan mantan intelijen IDF)3. Lightricks (salah seorang pendirinya masih bekerja di Unit 8200)4. Supersonic (CEO-nya memimpin operasional Angkatan Darat Israel)5. Playtika (didirkan oleh putra dari mantan Kepala Staf IDF)6. Crazy Labs (semua pendirinya masih bekerja di IDF)7. Moovit (dibangun oleh veteran unit siber Mamram)8. CallApp (pendirinya bekerja selama 3 tahun di Unit 8200)9. Gett (didirikan mantan pejabat Unit 8200)10. Waze (didirikan mantan engineer Unit 8200)11. Fooducate (Didirikan mantan pilot Angkatan Udara Israel)  Lebih lanjut, beberapa perusahaan ini menerima kritik karena praktik pengumpulan data yang dianggap eksploitatif dan model pelacakan opt-in yang tidak jelas. Meski demikian, jumlah unduhan aplikasi mereka terus meningkat. Hal tersebut merupakan dampak pengeluaran iklan yang besar dan kemitraan dengan platform besar seperti Google dan Facebook. Terdapat sejumlah cara yang dapat dilakukan untuk mencegah menginstall aplikasi buatan intelijen Israel di Hp Anda. Berikut caranya: - Periksa nama pengembang aplikasi di toko resmi- Cari profil perusahaan pengembang di LinkedIn atau Crunchbase- Gunakan open-source- Dukung pengembang yang berkomitmen dengan praktik data aman dan etis ",https://www.cnnindonesia.com/teknologi/20250930133550-185-1279275/2-aplikasi-buatan-eks-intel-israel-populer-di-ri-apakah-berbahaya
1280040,"OBITUARIJane Goodall Wafat, Pembuka Tabir Dunia Kera hingga Imaji soal TarzanInternasional",internasional,"Ilmuwan dan aktivis pelindung satwa primataJane Goodallmeninggal dunia di usia 91 tahun, Rabu (1/10). Kabar duka itu disampaikan lembaganya, Jane Goodall Institute, dalam unggahan di media sosial.  ADVERTISEMENT SCROLL TO CONTINUE WITH CONTENT ""Penemuan Dr Goodall sebagai seorang etolog merevolusi ilmu pengetahuan, dan dia merupakan advokat yang tak kenal lelah demi perlindungan dan pemulihan alam kita,"" demikian pernyataan Jane Goodall Institute. Menurut lembaganya, Goodall meninggal dunia di California karena sebab alamiah saat melakukan tur di Amerika Serikat. Jane Goodall merupakan ahli primata dan konservasionis yang semasa hidupnya bertekad mendorong manusia untuk menjaga bumi. Ia dikenal akan karyanya dalam mempelajari perilaku primata. Dengan kata lain, Jane Goodall merupakan tokoh perintis yang membuka tabir misteri tentang dunia primata, khususnya perilaku kera seperti simpanse, dalam penelitian seumur hidupnya.  Dilansir dariCNN, studi lapangannya dengan simpanse telah mendobrak batasan bagi perempuan dan mengubah cara ilmuwan mempelajari hewan. Goodall memberikan nama pada simpanse, alih-alih angka. Ia juga mengamati kepribadian unik satwa tersebut dan mendokumentasikan emosi mereka hingga mengaburkan batas antara manusia dan hewan. Pertemuan Goodall dengan simpanse tua yang ia beri nama David Graybeard menjadi momen yang paling fenomenal. Setelah mengikuti David mengarungi hutan, Goodall mencoba menawarinya sebutir kacang.  ""Dia mengambil kacang tersebut, menjatuhkannya, namun dengan sangat lembut meremas jemari saya,"" kenang Goodall. ""Begitulah cara simpanse saling meyakinkan,"" lanjutnya. Selama hidup di antara simpanse di Gombe, Goodall menemukan bahwa simpanse memakan daging layaknya manusia. Mereka tidak hanya menggunakan alat, tetapi juga menciptakan alat tersebut. ""Saya menyaksikan dengan takjub ketika simpanse-simpanse itu pergi ke gundukan rayap, mengambil ranting berdaun kecil, lalu mencabuti daunnya,"" kata Goodall dalam film dokumenter tahun 2017 berjudul Jane.  Ranting-ranting itu kemudian dipakai untuk menusuk gundukan guna memudahkan mereka memakannya. ""Itu adalah modifikasi objek, awal mula pembuatan alat. Hal tersebut belum pernah terlihat sebelumnya,"" ucap Goodall. Goodall adalah salah satu dari tiga perempuan yang dipilih oleh Leakey untuk mempelajari primata di habitat aslinya sebagai bagian dari upaya untuk lebih memahami evolusi manusia.  Goodall berfokus pada simpanse, sementara Dian Fossey mempelajari gorila dan Birutė Galdikas mempelajari orangutan. Mereka terkadang disebut ""Leakey's Angels"", merujuk pada serial TV populer tahun 1970-an, Charlie's Angels. Dunia baru mengetahui tentang Goodall dan karyanya pada 1963 setelah artikel pertamanya muncul di National Geographic dengan judul ""My Life Among Wild Chimpanzees"". Bersambung ke halaman berikutnya... Dalam podcast Infinite Potential pada 2019, Goodall mengaku ketertarikannya pada perilaku hewan muncul sejak kecil, tepatnya saat ia berusia empat setengah tahun. Saat itu, ibunya mengajak dia mengunjungi sebuah peternakan di pedesaan. ""Itu sungguh mengasyikkan, saya masih ingat bertemu sapi, babi, dan domba secara langsung,"" kenang Goodall.  Di peternakan, Goodall berjalan menuju kandang ayam. Di sana, ia menunggu dengan sabar untuk mengamati ayam betina bertelur. ""Ibu sudah putus asa mencari saya, tidak seorang pun tahu di mana saya berada. Mereka sampai menelepon polisi. Anda bisa bayangkan betapa khawatirnya dia, tapi ketika dia melihat mata saya yang berbinar, (dia) duduk untuk mendengarkan kisah menakjubkan tentang bagaimana seekor ayam bertelur,"" ucap Goodall. Goodall menghabiskan sebagian besar masa kecilnya di luar, di puncak pohon favoritnya, untuk membaca dan mengkhayal tentang ""kehidupan di hutan bersama Tarzan."" Dalam bukunya, Reason for Hope: Spiritual Journey (2000), ia mengaku mungkin dirinya telah membaca semua buku tentang Tarzan dan sangat cemburu dengan tokoh Jane.  ""Melamun tentang kehidupan di hutan bersama Tarzan-lah yang membulatkan tekad saya untuk pergi ke Afrika, hidup bersama hewan, dan menulis buku tentang mereka. Saya juga pergi ke Beech hanya untuk menjadi diri sendiri, untuk berpikir,"" katanya. Ia pun berseloroh tentang tokoh Tazan yang kebetulan memiliki nama depan sama dengan tokoh pendukung dalam cerita fiksi tersebut, Jane Porter. ""Apa yang dilakukan Tarzan? Dia menikahi Jane yang salah,"" kata Jane, berseloroh, dikutip dariNewsweek.",https://www.cnnindonesia.com/internasional/20251002095458-134-1280040/jane-goodall-wafat-pembuka-tabir-dunia-kera-hingga-imaji-soal-tarzan
1280045,4 Pemain Persib Langsung ke Saudi Usai Tekuk Bangkok UnitedOlahraga,olahraga,"Empat pemainPersib Bandunglangsung bertolak dari Thailand menuju Arab Saudi untuk membela Timnas Indonesia usai menghadapi Bangkok United di AFC Champions League Two (ACL 2) pada Rabu (1/10). Keempat pemain Persib tersebut adalah Marc Klok, Beckham Putra, Thom Haye, dan Eliano Reijnders. Klok, Beckham, Thom Haye, dan Eliano Reijnders masuk dalam 28 pemain yang dipanggil oleh pelatih Timnas Indonesia, Patrick Kluivert untuk tampil di putaran empat Kualifikasi Piala Dunia 2026 Zona Asia yang akan digelar di Arab Saudi. ADVERTISEMENT SCROLL TO CONTINUE WITH CONTENT Sementara itu beberapa pemain Timnas Indonesia lainnya akan bertolak dari Jakarta menuju Arab Saudi pada Kamis (2/10) siang. Selain itu juga ada beberapa pemain Timnas Indonesia yang berangkat dari Eropa. Timnas Indonesia dijadwalkan akan menghadapi Arab Saudi dan Irak di Grup B babak keempat Kualifikasi Piala Dunia 2026. Putaran empat kualifikasi Grup B akan berlangsung di Arab Saudi pada 8 - 12 Oktober 2025 mendatang. [Gambas:Instagram] Timnas Indonesia akan menghadapi Arab Saudi pada 9 Oktober dini hari WIB, kemudian tim Garuda akan meladeni Irak pada 12 Oktober dini hari WIB. Klok, Beckham, Thom Haye, dan Eliano Reijnders pun bergabung dengan Timnas Indonesia dengan suasana hati yang gembira karena baru saja membantu Persib menang 2-0 di kandang Bangkok United yang diperkuat Pratama Arhan dalam pertandingan ACL 2 pada Rabu (1/10) malam. Dalam pertandingan tersebut dua gol Persib dicetak oleh Andrew Jung dan Uilliam Barros. Kemenangan ini membawa Persib naik ke posisi kedua klasemen Grup G dengan torehan empat poin dari dua pertandingan yang dijalani. [Gambas:Video CNN]",https://www.cnnindonesia.com/olahraga/20251002100232-142-1280045/4-pemain-persib-langsung-ke-saudi-usai-tekuk-bangkok-united
1280042,Update Bangunan Ponpes Ambruk: 5 Korban Ditemukan SelamatNasional,nasional,"Tim SAR gabungan mengevakuasi lima orang dalam kondisi hidup pada reruntuhan salah satu gedungPondok PesantrenAl Khoziny, Buduran,Sidoarjo, Jawa Timur pada hari ketiga pascakejadian atau Rabu (1/10). Dari lima orang yang ditemukan, satu orang dalam keadaan kritis dan memerlukan penanganan medis khusus. Kini seluruhnya dilarikan di RSUD Sidoarjo. Selain itu, tim SAR gabungan juga menemukan dua korban dalam kondisi tidak bernyawa. ADVERTISEMENT SCROLL TO CONTINUE WITH CONTENT Penemuan ini pun menambah data korban meninggal dunia atas insiden yang terjadi akibat kegagalan konstruksi menjadi lima orang.  Berdasarkan data sementara per Rabu (1/10) pukul 23.00 WIB, ada 59 orang yang masih terjebak di dalam reruntuhan bangunan. Angka itu diperoleh dari daftar absensi yang dirilis pihak pondok pesantren, termasuk dari laporan kehilangan pihak keluarga korban. BNPB mengatakan dinamika data yang berubah ini disebabkan dari berbagai hal, seperti nama-nama yang sebenarnya selamat atau tidak berada di tempat kejadian perkara saat insiden terjadi tidak melaporkan diri. Sebelumnya, gedung tiga lantai termasuk musala di asrama putra Pondok Pesantren Al Khoziny di Buduran, Sidoarjo, ambruk, Senin (29/9) sore. Saat kejadian, terdapat ratusan santri sedang melaksanakan Salat Asar berjemaah di gedung yang masih dalam tahap pembangunan tersebut.   ",https://www.cnnindonesia.com/nasional/20251002095721-20-1280042/update-bangunan-ponpes-ambruk-5-korban-ditemukan-selamat
1271783,5 Minuman Ini Jadi Rahasia Kulit Kenyal Awet Muda Warga KoreaGaya Hidup,gaya-hidup,"Kecantikanala Korea Selatan digilai banyak orang saat ini. Hampir setiap perempuan menginginkankulitglowingdanawet muda. Perawatan kulit boleh jadi cara paling populer untuk mendapatkan kulitglowing. Teknik sepertidouble-cleansingtelah menjadi tren budaya di Korea. Tapi, perawatan kulit tak cuma dari luar, melainkan juga dari dalam. Salah satunya bisa didapat dengan mendapatkan asupan yang tepat. ADVERTISEMENT SCROLL TO CONTINUE WITH CONTENT MelansirTimes of India, beberapa minuman tradisional Negeri Ginseng telah mendapatkan tempatnya dalam pola makan sehari-hari. Bukan cuma karena rasanya yang lezat, tapi juga karena dipercaya dapat membantu memperlambat penuaan dini. Berikut beberapa minuman populer di Korea Selatan yang menjadi bagian dari rahasia kecantikan mereka.  Teh hijau adalah solusi serbaguna yang andal. Masyarakat Korea mengenalnya sebagai 'nokcha'. Minuman klasik ini kaya akan antioksidan, terutamaepigallocatechin gallate(EGCG) yang membantu menetralkan radikal bebas dan melindungi kulit dari kerusakan. Tapi, alih-alih meminumnya dalam kondisi panas, orang-orang Korea justru meminum teh hijau dalam air bersuhu sedang dengan waktu seduh yang cukup singkat. Hal ini dilakukan untuk mempertahankan nutrisi teh hijau. Seduh teh hijau dengan air bersuhu sekitar 70-80 derajat Celcius selama 1-2 menit. Minum selagi hangat. [foto] Bori chamerupakan minuman es teh ringan ala Korea Selatan. Minuman ini kaya akan rasa kacang dan mengandung senyawa anti-inflamasi. Teh ini juga bebas dari kafein. Artinya, minuman satu ini bisa dikonsumsi oleh siapa pun yang sensitif terhadap kafein. Bori chamengandung senyawa antioksidan dan serat. Kandungan tersebut membuatbori chapilihan terbaik untuk menunjang pencernaan, yang jadi salah satu bagian dalam perlambatan penuaan. Pasalnya, usus yang sehat bisa membantu kulit lebih bercahaya. Seduh teh barley dalam air panas selama 5-10 menit. Dinginkan dan simpan di kulkas. Minuman ini lebih menyegarkan jika diminum dalam kondisi dingin.  Yuja-chajadi minuman hangat andalan warga Korea. Minuman ini terbuat dari irisan tipis yuja (sejenis buah jeruk) yang diawetkan dengan madu. Campuran rasa pedas dan manis dariyuja-chatak cuma lezat, tapi juga kaya vitamin C serta senyawa anti-inflamasi bernama flavonoid. Vitamin C sendiri diketahui dapat mendorong produksi kolagen yang bikin kulit tetap kencang dan kenyal. Teh ginseng merupakan salah satu minuman Korea populer. Minuman ini dapat menunda penuaan. Minuman ini kaya akan senyawa antioksidan dan anti-inflamasi yang dapat melawan radikal bebas, mendorong produksi kolagen, dan meningkatkan kekenyalan kulit. Kedelai hitam kaya akan isoflavon, vitamin E, dan antosianin. Kesemuanya mampu melawan stres oktidatif dan membuat kulit tampak awet muda. Selain itu, kedelai hitam juga dikenal dapat mendukung kesehatan rambut dan keseimbangan hormon.   ",https://www.cnnindonesia.com/gaya-hidup/20250909173110-262-1271783/5-minuman-ini-jadi-rahasia-kulit-kenyal-awet-muda-warga-korea
1280034,RUU BUMN Akan Disahkan DPR pada Sidang Paripurna Hari IniEkonomi,ekonomi,"DPRRI dijadwalkanmengesahkanrevisi Undang-Undang Badan Usaha Milik Negara (UU BUMN) pada sidang paripurna hari ini, Kamis (2/10). Komisi VI DPR RI bersama pemerintah menyetujui Rancangan UU tentang Perubahan Keempat atas Undang-Undang Nomor 19 Tahun 2003 tentang BUMN. Setidaknya ada 11 poin krusial yang diubah di antaranya status kementerian menjadi badan pengaturan hingga larangan rangkap jabatan menteri dan wakil menteri (wamen) sebagai pejabat BUMN. Ini adalah revisi kedua tahun ini. ADVERTISEMENT SCROLL TO CONTINUE WITH CONTENT Ketua Panitia Kerja (Panja) RUU BUMN sekaligus pimpinan Komisi VI DPR RI Andre Rosiade mengatakan pembahasan revisi telah dilakukan sejak 23 September 2025 sampai 26 September 2025.  Ia menyebut secara keseluruhan ada 84 pasal yang diubah setelah melakukan Rapat Dengar Pendapat Umum (RDPU) dengan para pakar dan akademisi. ""Pada kesempatan ini dapat kami sampaikan bahwa secara substansi telah dilakukan perubahan terhadap 84 pasal dalam Rancangan Undang-undang ini,"" ujar Andre dalam Ruang Rapat Komisi VI DPR RI, Jumat lalu (26/9). 1. Pengaturan terkait lembaga yang menyelenggarakan tugas pemerintahan di bidang BUMN dengan nomenklatur Badan Pengaturan BUMN yang selanjutnya disebut BP-BUMN.2. Penambah kewenangan peran BP-BUMN dalam mengoptimalkan peran BUMN.3. Pengaturan dividen saham seri A Dwi Warna dikelola langsung oleh BP-BUMN atas persetujuan Presiden.4. Larangan rangkap jabatan untuk Menteri dan Wakil Menteri pada Direksi Komisaris dan Dewan Pengawas BUMN sebagai tindak lanjut putusan Mahkamah Konstitusi nomor 128-PUU-XXIII-2025.5. Menghapus ketentuan anggota Direksi, anggota Dewan Komisaris dan Dewan Pengawas bukan merupakan penyelenggara negara.  6. Kesetaraan gender bagi karyawan BUMN yang menduduki jabatan Direksi, Komisaris dan jabatan Manajerial di BUMN.7. Perlakuan perpajakan atas transaksi yang melibatkan badan, holding operasional, holding investasi atau pihak ketiga yang diatur dalam peraturan pemerintah.8. Pengaturan pengecualian pengusahaan BUMN yang ditetapkan sebagai alat fiskal dari BP BUMN.9. Pengaturan kewenangan pemeriksaan keuangan BUMN oleh Badan Pemeriksa Keuangan (BPK).10. Pengaturan mekanisme peralihan dari Kementerian BUMN kepada BP BUMN.11. Pengaturan jangka waktu rangkap jabatan Menteri atau Wakil Menteri sebagai organ BUMN sejak putusan Mahkamah Konstitusi diucapkan serta pengaturan substansial lainnya. [Gambas:Video CNN]",https://www.cnnindonesia.com/ekonomi/20251002094249-92-1280034/ruu-bumn-akan-disahkan-dpr-pada-sidang-paripurna-hari-ini
1280024,Media Thailand Puji Persib Usai Sikat Bangkok UnitedOlahraga,olahraga,"Sejumlah media Thailand memberi pujian untukPersib Bandungyang berhasil mengalahkan Bangkok United 2-0 pada pertandingan Grup G AFC Champions League Two (ACL Two) 2025/26 di Stadion Pathum Thani, Thailand, Rabu (1/10). Gol dari Edward Jung dan Uilliam Barros memastikan kemenangan pertama Persib Bandung di ACL Two musim ini. Sebelumnya, di pertandingan pertama Persib bermain imbang 1-1 melawan wakil Singapura Lion City Sailors. Media Thailand, Ball Thai, menyebut Persib pantas menang atas Bangkok United yang diperkuat pemain asal Indonesia, Pratama Arhan. ADVERTISEMENT SCROLL TO CONTINUE WITH CONTENT ""Tim tamu, Persib Bandung, tampil lebih tajam dan berhasil mengalahkan Bangkok United dengan skor 2-0,"" tulis Ball Thai. Sementara Main Stand memberi judul: ""Bangkok tidak bisa melawan, kalah dari Persib Bandung 0-2."" Kemenangan atas Bangkok United membuat Persib mengakhiri hasil buruk melawan klub Thailand di ACL Two. Musim lalu, Persib dua kali gagal meraih kemenangan melawan klub Thailand, Port FC.  Kemenangan atas Bangkok United membuat Persib Bandung naik ke peringkat dua klasemen Grup G dengan 4 poin. Meski memiliki poin sama dengan Persib, Lion City Sailors unggul head-to-head dan memimpin dengan lima gol dan tiga kali kebobolan. Bangkok United turun ke posisi ketiga dengan tiga poin. Pelatih Persib, Bojan Hodak, mengaku puas dengan permainan timnya saat mengalahkan Bangkok United. Hodak bahkan mengatakan Persib harusnya bisa menang 3-0 atas gol Jung di babak kedua tidak dianulir wasit karena offside. ""Saya merasa senang. Tiga poin kami bawa dari sini. Saya pikir ini sesuatu yang bagus. Jung membuka gol pertamanya. Seharusnya ada satu gol lagi, namun saya sedikit kecewa karena gol tersebut dianulir,"" ucap Hodak dikutip dari situs resmi Persib. ""Sekarang tim akan masuk masa jeda. Saya kira setelah jeda tim akan menjadi lebih baik. Sesama pemain sudah terjalin pengertian satu sama lain dan ini sangat penting bagi tim untuk ke depannya,"" ujarnya menambahkan. [Gambas:Video CNN]",https://www.cnnindonesia.com/olahraga/20251002092905-142-1280024/media-thailand-puji-persib-usai-sikat-bangkok-united
1280018,Pertamina Pastikan Pasokan BBM dari Kilang Dumai Aman Usai KebakaranEkonomi,ekonomi,"PTPertaminamemastikan pasokan BBM darikilang Dumaitetap aman setelahkebakarandi lokasi tersebut tertangani. Area Manager Communication, Relations & CSR Kilang Pertamina Dumai, Agustiawan mengatakan ketersediaan stok produk Pertalite tidak terdampak, sehingga tetap dapat memasok untuk wilayah Sumatra Bagian Utara (Sumbagut). Ia menambahkan kebutuhan Solar area Dumai dan Siak, serta kebutuhan Avtur area Pekanbaru juga tetap dapat dipenuhi oleh Kilang Dumai. Sedangkan kebutuhan untuk sebagian area Sumbagut lainnya akan didukung dengan alih suplai dari kilang Pertamina yang lain. ADVERTISEMENT SCROLL TO CONTINUE WITH CONTENT ""Dengan dukungan kilang-kilang lain di seluruh Indonesia, kami memastikan tidak ada gangguan suplai untuk masyarakat. Stok dan distribusi BBM tetap berada pada level aman,"" ujar Agustiawan dalam keterangan resmi, Kamis (2/10).  Ia menegaskan bahwa komitmen PT Kilang Pertamina Dumai (KPI) adalah memberikan jaminan energi yang andal, meskipun dalam kondisi darurat sekalipun. ""Terima kasih atas dukungan seluruh pihak. Kami percaya, dengan sinergi dan langkah responsif, dampak kejadian ini dapat tertangani dengan baik tanpa menimbulkan gangguan berarti bagi masyarakat,"" tutupnya. Kebakaran kilang minyak PT Pertamina Refinery Unit II Dumai berhasil dipadamkan sekitar pukul 23.20 WIB pada Rabu (1/10), setelah salah satu unit operasional terbakar hingga sempat terdengar ledakan. ""Sebagai bagian dari langkah mitigasi, Kilang Pertamina Dumai juga melakukan pengamanan area kejadian untuk memastikan tidak ada potensi bahaya lanjutan,"" ujar Agustiawan, kemarin. Begitu terdeteksi ada kebakaran, tim penanggulangan keadaan darurat langsung melakukan langkah-langkah penanganan sesuai prosedur keselamatan. Penanganan dilakukan dalam waktu singkat sehingga kebakaran tidak meluas ke area lain dan tidak menimbulkan korban jiwa.  Selain koordinasi intensif juga dilakukan dengan aparat terkait serta pemerintah daerah, Agustiawan menyampaikan pemantauan lingkungan secara berkelanjutan juga dilakukan untuk memastikan keamanan masyarakat sekitar. Saat ini, operasional utama kilang tetap berlangsung aman, dan aktivitas masyarakat di sekitar wilayah kilang tidak terganggu. Proses investigasi penyebab insiden tengah dilakukan untuk memastikan langkah pencegahan yang lebih optimal di masa mendatang. ""Keselamatan pekerja, masyarakat, dan fasilitas merupakan prioritas utama kami. Terima kasih atas doa dan dukungannya,"" tutur Agustiawan. [Gambas:Video CNN]",https://www.cnnindonesia.com/ekonomi/20251002091040-85-1280018/pertamina-pastikan-pasokan-bbm-dari-kilang-dumai-aman-usai-kebakaran
1280021,"Siapa Joshua Mhlakela, Pendakwah Kristen Afsel yang Ramal Yesus Turun?Internasional",internasional,"Pendakwah Kristen dariAfrika SelatanJoshua Mhlakela belakangan menjadi sorotan usai meramal bahwa Yesus akan turun dari surga dan membawa umat-Nya kembali ke surga. Dalam wawancara diYoutube CettwinzTV, Mhlakela mengatakan bahwa Yesus akan turun ke bumi pada 23-24 September. Ia mengaku mendengar ucapan langsung dari sang Yesus mengenai itu.  ADVERTISEMENT SCROLL TO CONTINUE WITH CONTENT ""Pengangkatan sudah dekat. Siap atau tidak. Saya melihat Yesus duduk di singgasana-Nya, dan saya bisa mendengar-Nya dengan sangat keras dan jelas berkata, 'Aku akan datang',"" kata dia, dikutip Jacarandafm. ""Dia berkata kepadaku: pada 23 dan 24 September 2025, aku akan kembali ke Bumi,"" lanjutnya. Pernyataan Mhlakela ini pun membuat pengikutnya, bahkan masyarakat Uganda, berbondong-bondong ke hutan untuk menyaksikan klaim tersebut. Mereka berkemah di hutan dan meninggalkan rumah serta pekerjaan demi melihat Yesus.  Namun, pada 23 dan 24 September, tidak ada apa pun yang terjadi. Mhlakela memperbarui klaimnya dengan menyatakan bahwa pengangkatan terjadi mengikuti kalender Julian. Joshua Mhlakela merupakan pria asal Cape Town yang tinggal di Johannesburg. Dalam wawancara dengan CettwinzTV pada 17 Juni, Mhlakela mengaku lahir pada 1982. Ia berujar ketika masih di kandungan, ayahnya bermimpi diperintahkan oleh Tuhan untuk memberinya nama ""Joshua"" bahkan sebelum jenis kelaminnya diketahui.  Saat lahir, Mhlakela mengaku mengalami komplikasi sampai dokter memperingatkan kedua orang tuanya bahwa ia bisa saja lahir dalam keadaan meninggal maupun terluka. Meski begitu, Mhlakela ternyata lahir tanpa masalah. ""Para dokter mengatakan saya adalah sebuah keajaiban,"" klaimnya, seperti dikutipNewsweek. Saat hari kelahirannya, Mhlakela mengatakan bahwa sang ibunda sempat berjuang melawan ""kekuatan spiritual"" yang begitu menyiksa. Namun, ""roh itu lenyap"" begitu ibunya memeluk dia. Di usia 4 atau 5 tahun, Mhlakela juga mengaku diculik oleh seseorang yang mengenal keluarganya selama sekitar satu bulan. Namun, ""berkat karunia Tuhan, saya ditemukan"" usai keluarganya melapor ke polisi.  Saat usia 16 atau 17 tahun, Mhlakela juga pernah mengalami kondisi mental yang mendorongnya ingin bunuh diri. Kendati demikian, upaya itu gagal karena campur tangan Tuhan. Pada tahun 2000, Mhlakela memeluk agama Kristen. Salah satu pengalamannya sebagai seorang Umat Kristiani yakni mendapat penglihatan tentang seorang malaikat setinggi pohon yang sedang mencari setan untuk dimusnahkan. Pada 2003, Mhlakela akhirnya menjadi asisten pendeta. Jabatan itu dia tinggalkan pada 2010 karena merasa telah cukup melayani Tuhan. Mhlakela kemudian terinspirasi untuk membangun gereja sendiri pada 2016. Meski begitu, gereja tersebut kini telah ditutup.",https://www.cnnindonesia.com/internasional/20251002092158-127-1280021/siapa-joshua-mhlakela-pendakwah-kristen-afsel-yang-ramal-yesus-turun
1280026,01:36VIDEO: Viral Pemain Kendang Dianiaya Penonton HajatanTV,tv,"Diduga gara-gara mabuk minuman keras, sejumlah tamu undangan menganiaya pemain gendang di acara hajatan pernikahan di Kabupaten Klaten, Jawa Tengah.Korban dipukul dengan kursi besi oleh sejumlah orang. pasca kejadian, 3 orang diantaranya ditangkap dan menjadi tersangka ",https://www.cnnindonesia.com/tv/20251002093337-400-1280026/video-viral-pemain-kendang-dianiaya-penonton-hajatan
1280022,Gol Salto Spektakuler Gatti di Laga Villarreal vs Juventus ViralOlahraga,olahraga,"Bek JuventusFederico Gattiviral usai mencetak gol dengan tendangan salto dalam pertandingan Liga Champions 2025/2026 melawan Villarreal CF di Estadio de la Ceramica pada Kamis (2/10) dini hari WIB. Gol yang tercipta di menit ke-49 itu berawal dari lemparan ke dalam jarak jauh mirip Pratama Arhan, yang dilepaskan pemain Juventus ke arah kotak penalti Villarreal. Kemudian bola tersebut disundul oleh Llyod Kelly dan diteruskan oleh Federico Gatti dengan tendangan salto yang menjadi gol. ADVERTISEMENT SCROLL TO CONTINUE WITH CONTENT Gol tersebut membuat Juventus sukses menyamakan skor sementara menjadi 1-1 setelah mereka kebobolan lebih dulu di menit ke-18 lewat gol Georges Mikautadze. Gol salto Gatti pun menambah kepercayaan diri Juventus hingga tak lama kemudian mereka berhasil berbalik unggul lewat gol Francisco Conceicao di menit ke-56. Sayangnya, Juventus gagal meraih kemenangan setelah Villarreal mampu mencetak gol penyeimbang 2-2 di menit ke-90 lewat gol Renato Veiga. [Gambas:Instagram] Usai pertandingan, Conceicao memberikan pujian terhadap gol salto yang dicetak Gatti. ""Dia terkadang mencoba [melakukan salto itu], hebat sekali dia berhasil melakukannya hari ini,"" kata Conceicao dikutip dari Football Italia.""[Sekarang] Kami harus terus bekerja keras jika ingin menang di Liga Champions. Kami harus berlatih sedikit lebih baik: Kami meningkat di babak kedua tetapi tidak bisa meraih kemenangan. Kami harus terus berjuang, tetap kuat, dan memikirkan tantangan besar berikutnya di Serie A,"" ucap Conceicao menambahkan. [Gambas:Video CNN]",https://www.cnnindonesia.com/olahraga/20251002092703-142-1280022/gol-salto-spektakuler-gatti-di-laga-villarreal-vs-juventus-viral
