word,frequency
pengaruh,5550
kerja,5386
teliti,4381
variabel,3539
usaha,2535
signifikan,2440
uji,2363
karyawan,2256
nilai,1903
hasil,1781
analisis,1456
positif,1307
sampel,1174
data,1065
putus,1040
tuju,1022
parsial,996
metode,965
simultan,949
tingkat,927
kunci,891
regresi,886
beli,880
indonesia,853
pt,849
puas,844
t,776
dasar,767
ganda,745
saham,741
teknik,739
ratio,704
sampling,636
x,629
return,626
bursa,605
milik,602
efek,602
daftar,601
ambil,600
bimbing,584
harga,582
produk,564
kuantitatif,542
linier,539
motivasi,538
bangkal,536
dominan,534
f,481
oleh,478
periode,476
responden,474
uang,455
hipotesis,451
kualitas,450
konsumen,436
pegawai,426
bawah,426
mm,420
bank,413
populasi,408
kabupaten,408
r,407
madura,407
koefisien,401
on,395
to,392
organisasi,370
merek,370
equity,360
purposive,354
profitabilitas,351
faktor,344
studi,344
thitung,333
tbk,332
dekat,332
prestasi,330
disiplin,329
pimpin,324
trunojoyo,324
universitas,323
hitung,312
mahasiswa,299
asset,299
dr,293
surabaya,292
ukur,289
lingkung,289
modal,288
rasio,282
signifikansi,278
bei,277
komitmen,272
bebas,267
struktur,258
msi,254
analis,254
debt,254
promosi,254
langsung,248
layan,245
roa,241
camat,240
ttabel,235
kompensasi,234
sektor,230
pasar,230
laba,229
drs,222
citra,220
sisa,219
mana,214
ekonomi,214
ikat,210
tumbuh,209
jual,208
kembang,207
earning,207
biaya,206
asumsi,205
negatif,203
gaya,202
sehat,201
komunikasi,200
temu,199
of,199
persero,197
klasik,197
produktivitas,196
deskriptif,194
square,194
manajemen,194
daya,193
value,193
model,192
bersamasama,186
y,185
simpul,184
sumenep,179
stres,178
determinasi,177
mampu,175
kuesioner,172
bukti,172
batik,171
kumpul,170
independen,169
total,169
cabang,168
perilaku,167
fakultas,166
dividen,165
makan,162
dana,161
budaya,161
konflik,160
sosial,160
sumber,159
turnover,158
kompetensi,158
bisnis,157
orang,156
bijak,156
besar,156
share,156
ec,155
b,155
cerdas,154
beda,151
jenis,151
current,150
loyalitas,148
ajar,147
roe,146
pilih,145
size,145
langgan,145
investasi,145
fisik,145
hubung,144
pamekasan,141
tentu,140
sampang,140
salah,139
peran,137
beta,137
putar,137
desa,137
iklan,136
spss,135
minum,134
h,133
hj,132
likuiditas,130
fhitung,129
didik,129
margin,128
wawancara,128
laksana,126
stock,126
capital,126
validitas,125
program,125
industri,125
rumah,125
lapor,124
der,124
non,124
latih,123
signifikasi,122
internal,122
pribadi,122
dapat,120
instrumen,120
dependen,118
karir,117
volume,117
alat,114
net,114
dagang,113
terima,113
loan,113
price,113
marketing,112
reliabilitas,112
guna,111
individu,110
beban,110
baur,109
rajin,109
kriteria,108
guru,107
kas,107
random,107
persepsi,106
sekunder,106
dinas,106
emosional,106
optimal,106
eva,105
banding,105
assets,104
media,104
adjusted,104
dra,103
masyarakat,102
percaya,102
profit,102
dukung,102
split,102
leverage,101
variable,101
tabel,100
distribusi,100
added,100
linear,99
otomotif,99
strategi,99
pakai,99
barang,98
manufaktur,98
sub,98
kantor,97
a,97
produksi,95
eps,95
kamal,95
s,95
brand,94
finansial,94
wanita,93
hutang,93
aktivitas,93
alami,93
firm,93
bangkrut,92
manusia,92
bagi,91
portofolio,91
lamongan,90
objek,90
kota,90
proses,88
motor,88
sebar,87
intervening,86
akuisisi,86
alam,86
statistik,86
jabat,86
minat,86
bunga,86
operasional,85
payout,85
sikap,84
unjung,84
fasilitas,84
jamin,83
koperasi,83
risiko,82
masalah,82
toko,82
sesuai,81
ftabel,81
kunjung,80
suku,79
ldr,79
growth,79
terap,78
bantu,77
wisata,77
gresik,76
observasi,76
prediksi,76
tenaga,76
faktorfaktor,76
kondisi,76
real,76
corporate,75
estate,74
butuh,74
aktiva,74
bahas,73
nasabah,72
cr,72
npl,72
atribut,71
sedia,71
piutang,71
helm,71
market,71
kelompok,71
jalur,70
saing,70
zscore,70
syariah,70
car,70
pesan,69
capai,69
altman,68
economic,68
olah,68
tunjuk,68
financial,67
awat,67
konsumsi,67
etos,67
ud,67
intention,67
indeks,66
dampak,66
selamat,66
inflasi,66
dividend,66
rumus,65
online,65
mudji,64
mandiri,64
pindah,63
book,63
liput,63
investor,63
bentuk,63
manajerial,63
interpersonal,62
perban,62
pustaka,61
jasa,61
kuswinarno,61
cv,61
duga,61
harap,61
tugas,61
masuk,61
orientasi,61
negara,60
kategori,59
anugrahini,59
skala,59
buyung,59
empati,58
image,58
demokratis,58
bumi,58
kuat,58
bersih,58
informasi,57
perintah,57
solvabilitas,57
store,57
bambang,57
heru,57
sebab,57
penuh,56
locus,56
control,55
umkm,55
judul,55
irawati,55
utama,55
ismail,55
alkirom,55
kreativitas,55
public,54
job,54
indah,54
iriani,54
roi,53
sepeda,53
nim,53
nyata,53
rendah,53
and,53
mva,52
keluarga,52
wispandono,52
kapal,52
m,52
pbv,52
gatot,52
zulkifli,51
property,51
arus,51
prasetyo,51
faidal,51
echsan,51
deposit,50
sakit,50
tari,50
kualitatif,50
adequacy,50
jangka,50
sama,49
pranjoto,49
lokasi,49
awas,49
tahan,49
social,49
performing,49
pln,49
risk,49
aulia,49
simple,49
kelola,48
slovin,48
insentif,48
makhmud,48
institusional,48
anam,48
for,48
proporsi,48
human,48
daerah,48
tiga,48
bopo,48
purnamawati,48
semangat,48
likert,48
wildan,48
semen,47
tanjung,47
tato,47
identifikasi,47
empat,47
honda,47
csr,47
bumn,47
karakteristik,46
tulis,46
sidoarjo,46
untung,46
kemas,45
ms,45
nugroho,45
finance,45
kuasa,45
perhati,45
tabung,45
efektivitas,45
tetap,45
masingmasing,45
nokia,44
rm,44
smartphone,44
sadar,44
investment,44
eksternal,44
manfaat,43
ratarata,43
spi,43
normalitas,43
performance,43
jaya,42
stratified,42
management,42
mediasi,42
atas,42
chairul,42
governance,41
turun,41
hidup,41
kait,41
gani,41
farmasi,41
bidang,41
tanggap,41
tinggi,40
self,40
banyak,40
satu,40
relationship,40
kredit,40
handphone,40
pos,40
sudarsono,40
bina,40
the,40
belanja,40
mudah,40
ekuitas,39
test,39
leasing,39
springate,39
maksimal,39
cipta,39
intelektual,39
rokok,38
merger,38
sig,38
puskesmas,38
surya,38
jalan,38
baik,38
dok,38
dokumentasi,38
go,38
good,38
perspektif,38
sistem,38
sejahtera,38
relation,38
mkes,37
interior,37
kpri,37
skripsi,37
rp,37
bri,37
organisasional,36
probabilitas,36
dimensi,36
subsektor,36
yamaha,36
gerak,36
muhammad,36
rotasi,36
distress,36
kepala,35
pantai,35
garam,35
rentabilitas,35
etika,35
kimia,35
sharpe,35
yustina,35
tuntut,35
spiritual,35
jawa,35
primer,35
tahun,35
z,35
employee,35
makmur,34
product,34
sales,34
alternatif,34
over,34
sample,34
wilayah,34
st,34
anggota,34
intrinsik,34
sdm,34
asosiasi,33
as,33
experiential,33
telang,33
semsi,33
msm,33
efikasi,33
evaluasi,33
negeri,33
jadi,33
kab,33
rencana,32
merah,32
ubah,32
analisa,32
jurus,32
capm,32
internet,32
iklim,32
tempat,32
npm,32
wisatawan,31
partisipasi,31
lihat,31
sederhana,31
swasta,31
kehandalan,31
salur,31
tahu,31
pegang,31
tehnik,31
quality,31
level,31
turn,31
giat,31
interest,31
nirma,31
customer,31
korelasi,31
mmt,31
psikologis,30
moch,30
btn,30
reward,30
taraf,30
komisaris,30
zmijewski,30
putri,30
destinasi,30
mix,30
nasional,30
gaji,30
semm,30
dpr,30
lq,30
had,30
lengkap,30
significant,30
efektif,30
mochammad,30
tarik,29
kharismatik,29
terampil,29
pribanus,29
urus,29
chrismardani,29
abnormal,29
tanggung,29
timur,29
utm,29
komponen,29
mitra,29
lapang,29
cluster,29
nila,29
versi,28
inovasi,28
tunjang,28
mas,28
sidogiri,28
museum,28
slope,28
kurriwati,28
wantara,28
deskripsi,28
akademik,28
kuisioner,28
publikasi,28
unit,28
efficacy,28
dunia,28
marinal,28
tolak,28
bojonegoro,28
kesiap,27
umur,27
audit,27
cahaya,27
xl,27
usia,27
tim,27
dewan,27
informan,27
indoprima,27
efisien,27
opportunity,27
industry,26
libat,26
abadi,26
purnomo,26
skill,26
lembaga,26
tanah,26
responsibility,26
pdam,26
accidental,26
personal,26
software,26
laku,26
efisiensi,26
selesai,26
muh,26
adiluhung,26
paired,25
assurance,25
adira,25
sipil,25
present,25
diri,25
gambar,25
saranasegara,25
rate,25
rekrutmen,25
operating,25
bahan,25
pratama,25
area,25
undervalued,25
empiris,25
kartu,25
nur,25
fathor,25
status,25
kerjasama,25
desain,25
unstandarized,25
coefficient,25
quick,25
bangun,24
khas,24
experience,24
atmosfer,24
cash,24
catat,24
lurah,24
mohammad,24
satisfaction,24
swalayan,24
badan,24
operasi,24
aspek,24
si,24
kosmetik,24
air,24
publisitas,24
damping,24
dosen,24
properti,24
burneh,24
kendali,24
timbang,23
aktif,23
rakyat,23
general,23
evaliati,23
andriani,23
nurul,23
pangsa,23
ii,23
subjek,23
agung,23
sense,23
nurita,23
multi,23
pondok,23
dalam,23
service,23
obligasi,23
dwi,23
tambang,23
dinamika,23
behavior,23
ssi,22
probability,22
sp,22
international,22
indikator,22
transportasi,22
arah,22
fashion,22
atur,22
aman,22
yahya,22
instrument,22
alfamart,22
earnings,22
amaniyah,22
seluler,22
apt,22
independent,22
tani,22
standar,22
raya,22
atmosphere,22
bundling,22
fitur,22
kenal,22
instagram,22
rasa,22
supervisi,21
pricing,21
inventory,21
path,21
restoran,21
mouth,21
business,21
mustika,21
dealer,21
scorecard,21
pensiun,21
reksadana,21
citizenship,21
word,21
resiko,21
need,21
ir,21
sari,21
ayu,21
relate,21
amat,21
trading,21
jenuh,21
latar,21
taman,20
karya,20
komite,20
index,20
divisi,20
overvalued,20
gigi,20
analysis,20
hotel,20
prasetya,20
suasana,20
internasional,20
saji,20
aparatur,20
organizational,20
isi,20
drsec,20
insecurity,20
persentase,20
setia,20
mulut,20
kurang,20
blega,20
feel,20
think,20
beri,20
act,20
ecer,20
graha,19
anak,19
display,19
survei,19
responsiveness,19
semester,19
telekomunikasi,19
exterior,19
asal,19
rekan,19
laut,19
tengah,19
kramat,19
tanda,19
timbul,19
mayor,19
produsen,19
letak,19
bidikmisi,19
elektronik,19
frekuensi,19
bkm,19
mada,19
ungkap,19
jakarta,19
syarif,19
imbang,19
chicken,19
kec,18
c,18
santri,18
winata,18
angka,18
luar,18
event,18
fungsional,18
kebun,18
group,18
yudhi,18
label,18
inovatif,18
moh,18
gabung,18
system,18
tangible,18
kereta,18
psikologi,18
kontribusi,18
transformasional,18
duduk,18
niat,18
punishment,18
score,18
situs,18
sistematis,17
panca,17
gudang,17
penting,17
murni,17
dimoderasi,17
fokus,17
kontrol,17
jombang,17
kurs,17
potensi,17
pinjam,17
profesionalisme,17
madya,17
berwirausaha,17
ownership,17
peneltian,17
televisi,17
cost,17
mengunakan,17
mojokerto,17
aneka,17
effect,17
polres,17
ocb,17
i,17
anggap,17
one,17
peringkat,17
timbal,17
tawar,17
stress,17
grover,17
api,17
konsep,17
asuransi,17
layout,17
ikan,17
rugi,17
anggar,17
bas,17
modern,17
acak,16
hadap,16
presiden,16
infrastruktur,16
sifat,16
branding,16
facebook,16
vii,16
survey,16
tua,16
ugt,16
sukses,16
teknis,16
indosat,16
dar,16
suyono,16
pademawu,16
reksa,16
instansi,16
variabelvariabel,16
pasta,16
nyaman,16
bmt,16
muncul,16
plaza,16
mohamad,16
unggul,16
instan,15
karier,15
p,15
wajib,15
aset,15
jaga,15
ttest,15
activity,15
kud,15
afektif,15
pesantren,15
windows,15
raden,15
proportionate,15
jensen,15
bagus,15
pabrik,15
jenjang,15
alpha,15
electronic,15
setiyo,15
salon,15
tata,15
teamwork,15
ro,15
pambudi,15
personil,15
elemen,15
ipo,15
fenomena,14
blackberry,14
belakang,14
free,14
green,14
tangga,14
indomaret,14
segi,14
niaga,14
no,14
ahli,14
landas,14
related,14
arief,14
filsafat,14
positivisme,14
kuantitas,14
naik,14
paket,14
tambah,14
koefisiensi,14
pasang,14
intellectual,14
pocong,14
konten,14
kali,14
pekerjaankeluarga,14
tekhnik,14
nonprobability,14
kerupuk,14
baku,14
organization,14
babat,14
tinjau,14
markowitz,14
negative,14
tangan,14
mutu,14
seleksi,14
reduksi,14
upaya,14
family,14
calon,14
maju,14
akibat,14
telkom,14
wardah,14
indikasi,13
kecuali,13
fundamental,13
lunak,13
hutan,13
gun,13
nusantara,13
attributes,13
bni,13
kaji,13
mts,13
polisi,13
research,13
pecah,13
jl,13
sanksi,13
minimal,13
anugerah,13
norma,13
paham,13
fit,13
kelapa,13
rsud,13
suramadu,13
diklat,13
distro,13
kotor,13
engagement,13
lulus,13
empathy,13
shopee,13
hypermart,13
heteroskedastisitas,13
cepat,13
benar,13
ikut,13
this,13
emphaty,13
mc,13
jiwa,13
moderasi,13
financing,13
wewenang,13
wilcoxon,13
affective,13
website,13
buku,13
sekolah,13
investama,13
target,13
islam,13
minyak,13
farma,13
santosa,13
home,13
development,13
reabilitas,13
dorong,13
invesment,13
d,13
e,13
promotion,13
akurasi,13
irawatimm,13
sarana,12
barat,12
pepsodent,12
outsourcing,12
pragaan,12
respon,12
kembali,12
tambrin,12
produktif,12
is,12
akuntansi,12
eka,12
publik,12
reliability,12
matang,12
masa,12
prinsip,12
kuci,12
tukar,12
wirausaha,12
dewi,12
central,12
out,12
tangibility,12
dara,12
rawat,12
perum,12
partisipatif,12
inap,12
identitas,12
sstsemmt,12
paramedis,12
format,12
mie,12
awareness,12
unsur,12
terbit,12
strategy,12
gregor,12
aqua,12
safrizal,12
tunggal,12
tipe,12
susun,12
expected,12
teknologi,12
item,12
telepon,12
speedy,12
menganalisa,12
vario,12
iv,12
keluar,12
positioning,12
socah,12
koefesien,12
sensus,12
dps,12
ihsg,12
layak,12
kamar,12
desember,12
bayar,12
kub,12
guano,12
bpr,12
demokratik,12
republik,12
pandang,12
q,12
intrapersonal,12
galis,12
terminal,11
wakil,11
regional,11
peristiwa,11
varibel,11
personel,11
vixion,11
bcg,11
usah,11
bentoel,11
bumiputera,11
strata,11
agen,11
akurat,11
camplong,11
tanam,11
polana,11
pojur,11
wujud,11
tahap,11
prospek,11
utara,11
tradisional,11
tekstil,11
riset,11
indicator,11
labour,11
sustainable,11
ix,11
asrama,11
grey,11
autokorelasi,11
exchange,11
islamic,11
kelamin,11
sri,11
treynor,11
auditor,11
study,11
overhead,11
prioritas,11
npf,11
prokrastinasi,11
swot,11
puluh,11
sedaap,11
imbal,11
nomor,11
integritas,11
deviden,11
karsa,11
asia,11
emping,11
rahayu,11
tri,11
mart,11
perceived,11
sulit,11
attendant,11
serba,11
komputer,11
alas,11
up,11
siti,11
melinjo,11
astra,11
sobel,11
amdk,11
fungsi,11
budi,11
pangeran,10
lanjut,10
tuban,10
prodi,10
association,10
garmen,10
terasi,10
bep,10
posisi,10
pay,10
beat,10
inti,10
safety,10
kaca,10
porselen,10
presentase,10
keramik,10
bakery,10
ragam,10
halal,10
anwar,10
teh,10
pariwisata,10
sarung,10
qr,10
ada,10
skor,10
direksi,10
standart,10
seacon,10
lancar,10
gcg,10
tobins,10
langkah,10
mandala,10
pal,10
serta,10
mebel,10
krisis,10
legitimasi,10
gading,10
monica,10
referensi,10
ajb,10
pola,10
administrasi,10
lombang,10
matrik,10
consumer,10
in,10
muka,10
nganjuk,10
paksa,10
macajah,10
ha,10
trisakti,10
room,10
multikolinearitas,10
resmi,10
retun,10
sampoerna,10
expenditure,10
response,10
set,10
variasi,10
xiaomi,10
bintang,10
insidental,10
ddm,10
pusat,10
sial,10
komposisi,10
kewirausahaan,10
method,10
transaksional,10
ciri,10
asih,10
udang,10
penelitan,10
bubuk,10
kopi,10
keluargapekerjaan,9
hukum,9
juang,9
place,9
teori,9
curve,9
cari,9
person,9
manajer,9
mataram,9
tepat,9
bumdes,9
acu,9
bangga,9
common,9
single,9
liquidity,9
perfoming,9
domestic,9
kuswinarnomsi,9
gdp,9
nescafe,9
tangguh,9
dungkek,9
sempat,9
senang,9
mio,9
gain,9
berturutturut,9
gross,9
pena,9
koefisisen,9
tindak,9
simpan,9
konstruksi,9
purchasing,9
gedog,9
park,9
ovop,9
factor,9
batas,9
term,9
transparansi,9
hotelhotel,9
covid,9
prosedur,9
power,9
cetak,9
semadura,9
involvement,9
birokrasi,9
kendala,9
burnout,9
benah,9
selfefficacy,9
variables,9
marga,9
magang,9
nonfinansial,9
devisa,9
stressor,9
menur,9
gantung,9
flow,9
merk,9
theory,9
repurchase,9
putra,9
kaki,9
rgec,9
otoriter,9
perempuan,9
spesifikasi,9
eq,9
realibility,9
kredibilitas,9
ptpln,9
emas,9
tujuh,9
kawin,9
ibuibu,9
income,9
visi,9
candi,9
resources,9
lemah,9
sisi,9
ahmad,9
aplikasi,9
tiket,9
ho,9
k,9
android,8
preferensi,8
sabun,8
singkong,8
samper,8
purchase,8
tidak,8
anti,8
vannamei,8
ingat,8
sop,8
rantai,8
sukolilo,8
asta,8
obyek,8
fcf,8
listrik,8
nopember,8
efektifitas,8
mania,8
sasar,8
tambak,8
gadai,8
syarat,8
gerai,8
konvensional,8
bulog,8
incidental,8
switching,8
jupiter,8
sq,8
pd,8
devi,8
career,8
operator,8
luas,8
jii,8
gas,8
ben,8
biologis,8
tqm,8
lestari,8
permai,8
pelihara,8
produktifitas,8
indofood,8
sambung,8
positive,8
regression,8
proppo,8
probolinggo,8
cair,8
klik,8
iii,8
selling,8
menang,8
ekstraorganisasi,8
terjun,8
emis,8
iq,8
lembar,8
selenggara,8
smk,8
phk,8
rasiorasio,8
kopontren,8
syamrabu,8
sprite,8
angkat,8
batubara,8
perangkat,8
gula,8
bawa,8
departemen,8
sudarsonomm,8
jerry,8
planning,8
soft,8
ooredoo,8
ketat,8
kognitif,8
concern,8
logistik,8
consumption,8
shu,8
statistika,8
discount,8
kemahasiswaanfakultas,8
emotional,8
wajar,8
rank,8
profitability,8
tom,8
januari,8
indra,8
suluh,8
puasa,8
keywords,8
expense,8
malabis,8
sentra,8
utang,8
generasi,8
goal,8
determine,7
energi,7
rangka,7
tupperware,7
aju,7
bepengaruh,7
tretan,7
purpossive,7
esop,7
volatilitas,7
rentang,7
ulang,7
arbitrage,7
pta,7
east,7
retention,7
extraversion,7
ppsdm,7
whether,7
ambassador,7
unilever,7
buying,7
ninja,7
mean,7
takut,7
tehadap,7
forensik,7
bonus,7
stadion,7
mutasi,7
impulse,7
utilitas,7
mogok,7
reaksi,7
hard,7
hijau,7
kuadran,7
terhadapa,7
kompetitif,7
unik,7
petis,7
labuh,7
akuntabilitas,7
bidaskspread,7
signed,7
dpk,7
affiliation,7
shop,7
kes,7
absah,7
sido,7
ebu,7
rato,7
ambami,7
syarifah,7
lebih,7
proporsional,7
disfungsional,7
sindia,7
bmc,7
garnier,7
radiant,7
transaksi,7
decision,7
maron,7
working,7
setting,7
esteem,7
underpricing,7
matahari,7
peluang,7
al,7
gili,7
kayana,7
bahari,7
interaksi,7
bobot,7
importance,7
datadata,7
branch,7
achievement,7
services,7
meguji,7
wulandari,7
at,7
influence,7
uni,7
sempurna,7
farindo,7
keras,7
penlitian,7
serviceability,7
kerjax,7
multikolinieritas,7
attention,7
with,7
belva,7
gunung,7
jembatan,7
pu,7
city,7
enam,7
eservice,7
retained,7
mikro,7
melati,7
kencana,7
isotonik,7
shampoo,7
collector,7
that,7
wayang,7
trust,7
coping,7
long,7
kreatifitas,7
supra,7
has,7
esatisfaction,7
fva,7
songkok,7
samarinda,7
kospin,7
minimarket,7
msquare,7
bakmi,7
eloyalty,7
awing,7
fluktuatif,7
sweat,7
muris,7
mistik,7
bilang,7
soul,7
milenial,7
saran,7
aktifitas,7
kripik,7
pocari,7
menu,7
bluto,7
casablanca,7
heterokedastisitas,7
kalimas,6
pkh,6
grand,6
sma,6
bbri,6
komunikator,6
untr,6
menteri,6
lukas,6
horizontal,6
capacity,6
relatif,6
ri,6
labang,6
perata,6
resource,6
plastindo,6
saronggi,6
kalbe,6
lpkr,6
yield,6
grujugan,6
misi,6
process,6
gapura,6
perusahaaan,6
sumbang,6
wijaya,6
pomade,6
simpang,6
pasien,6
jajar,6
memliki,6
lokus,6
saudara,6
uswatun,6
pasif,6
reputasi,6
hicard,6
rahn,6
hambat,6
ujung,6
istimewa,6
behavioral,6
peer,6
retail,6
jalin,6
simutan,6
transmigrasi,6
karyawannya,6
situasi,6
bi,6
arti,6
apollo,6
delegasi,6
enduro,6
oli,6
lindung,6
wardhana,6
multikolonieritas,6
satpam,6
pada,6
susu,6
perusahaanperusahaan,6
makam,6
oprasional,6
kopergu,6
paytren,6
proportional,6
deposite,6
relasi,6
buat,6
partially,6
ning,6
heuristik,6
estetika,6
gagal,6
du,6
expertise,6
pont,6
kadur,6
dramm,6
diversifikasi,6
cegah,6
berbedabeda,6
ponsel,6
dukuh,6
panin,6
revolution,6
arafat,6
remunerasi,6
yoghurt,6
cimory,6
fstatistik,6
oleholeh,6
catch,6
islami,6
ayam,6
pelindo,6
rri,6
roda,6
provider,6
bukit,6
es,6
patner,6
krim,6
walls,6
normal,6
focus,6
drsecbambang,6
kupang,6
activities,6
migas,6
ritel,6
aspirasi,6
konstan,6
civic,6
jannah,6
pakandangan,6
albarokah,6
longterm,6
masjid,6
cepu,6
virtue,6
endorser,6
celebrity,6
ito,6
master,6
banking,6
agus,6
binatang,6
slogan,6
humor,6
kaliotik,6
cafe,6
village,6
murah,6
supervisiatasan,6
jungle,6
star,6
pikir,6
garansi,6
point,6
conscientiousness,6
guardian,6
men,6
ceker,6
hirarki,6
wispandonosems,6
foster,6
federal,6
cak,6
hikam,6
realisasi,6
achmad,6
ptsmelting,6
nya,6
pns,6
ladang,6
setiyarini,6
ketapang,6
berat,6
sumekar,6
ujit,6
tekan,6
fresh,6
selisih,6
clean,6
sunsilk,6
dono,6
ruang,6
spesial,6
jatim,6
nik,6
mbak,6
unjuk,6
hasanah,6
otokrasi,6
mau,6
wildansemsi,6
hanjaya,6
triana,6
warung,6
sportsmanship,5
pinasthika,5
table,5
meta,5
filma,5
soap,5
damai,5
triangulasi,5
profile,5
mi,5
package,5
giligenting,5
purnamawatisemsi,5
teri,5
purpose,5
peneliian,5
nine,5
sumberrejo,5
jati,5
ios,5
pulau,5
access,5
agama,5
konveksi,5
cakraningrat,5
memoderasi,5
friday,5
milyar,5
rahman,5
implikasi,5
samsung,5
external,5
subjektif,5
ptgapura,5
kendara,5
prilaku,5
spimm,5
mahasiswi,5
religi,5
ketidakamanan,5
perak,5
jabar,5
shipyard,5
maksima,5
irna,5
bengkel,5
disclosure,5
eror,5
killer,5
huda,5
rmramayana,5
crispy,5
lar,5
serpong,5
ganisemsi,5
karateristik,5
timing,5
harta,5
meni,5
demografis,5
ma,5
cantik,5
hutama,5
kakek,5
choirul,5
anggraini,5
kelor,5
solusi,5
farmatradingdandistributioncabang,5
glagah,5
efficiency,5
suara,5
shift,5
operational,5
marina,5
daun,5
integrasi,5
standardized,5
selection,5
ka,5
tegas,5
semsm,5
bulan,5
berpegaruh,5
smartfren,5
bayu,5
muas,5
rgatot,5
courtesy,5
ability,5
altruism,5
megetahui,5
offering,5
displin,5
keyword,5
age,5
fakta,5
ssimm,5
building,5
sinar,5
emotion,5
adjust,5
elnusa,5
interaktif,5
mega,5
delapan,5
klampar,5
harum,5
pucuk,5
feb,5
annur,5
jaddih,5
goods,5
break,5
tren,5
nama,5
diskriptif,5
kritis,5
yan,5
form,5
ramah,5
united,5
thitungsebesar,5
lambat,5
adversitas,5
makro,5
suka,5
realibilitas,5
zulkiflimsi,5
buka,5
otokratis,5
delegatif,5
padu,5
bakat,5
dettol,5
ana,5
lifebuoy,5
botol,5
money,5
samasama,5
strength,5
gemini,5
icmd,5
kedaton,5
location,5
laras,5
tv,5
dakwah,5
indo,5
knowledge,5
talent,5
nikko,5
angket,5
hawaii,5
bappeda,5
lg,5
ink,5
wira,5
siddiq,5
kavila,5
im,5
outdoor,5
positifsebesar,5
komisioner,5
goreng,5
sania,5
indomilk,5
rs,5
banyuanyar,5
jamu,5
angin,5
visual,5
auditorial,5
manyar,5
kinestetik,5
sreseh,5
subyektif,5
danamon,5
muslim,5
desire,5
action,5
shopping,5
lifestyle,5
karita,5
squere,5
lubang,5
tourism,5
relations,5
unvr,5
global,5
sae,5
statistic,5
member,5
klasifikasi,5
ratu,5
sosro,5
antiseptik,5
martabak,5
huni,5
ln,5
klasiksedangkan,5
portal,5
implementasi,5
koordinasi,5
miftahul,5
noan,5
climate,5
kawasaki,5
nugget,5
masalembu,5
through,5
lepas,5
enlargement,5
reciprocity,5
attractiveness,5
baureno,5
going,5
sems,5
gtt,5
top,5
bonding,5
rekreasi,5
konang,5
time,5
pangarengan,5
loser,5
terhdap,5
drahjsanugrahini,5
tingkah,5
kondusif,5
java,5
kecewa,5
winner,5
terang,5
stratifiedcluster,5
aktual,5
depot,5
average,5
arifin,5
dahulu,5
profesional,5
cacat,5
tirta,5
collateral,5
fenomenologi,5
ruh,5
opini,5
abel,4
siginifikan,4
silmutan,4
pemoderasi,4
pajak,4
hidayat,4
akuisitor,4
wahyuni,4
hari,4
pantene,4
mild,4
yayasan,4
country,4
elemenelemen,4
mandom,4
da,4
campur,4
snowball,4
u,4
merck,4
toshiba,4
larang,4
ebpi,4
diproksikan,4
shareprice,4
hati,4
coba,4
gelora,4
flashdisk,4
capa,4
pasuruan,4
ytm,4
ain,4
mindset,4
eiger,4
peri,4
emiten,4
pihakpihak,4
susanti,4
culture,4
driver,4
it,4
syaiful,4
spmsi,4
institusi,4
jumiang,4
rvar,4
picu,4
agam,4
perlu,4
suami,4
keramahtamahan,4
kontrak,4
serasi,4
humas,4
eri,4
indovision,4
berhatihati,4
informatika,4
lokal,4
ie,4
hjs,4
panas,4
liner,4
stratifield,4
asa,4
khusus,4
construction,4
formasi,4
anal,4
batangbatang,4
strategis,4
shamitra,4
aksesoris,4
kabel,4
performa,4
bhumikam,4
pulang,4
paternalistik,4
kandung,4
penelitia,4
pesat,4
nugrohospimm,4
ttable,4
respondenteknik,4
respondenuntuk,4
fdr,4
controlling,4
instalasi,4
drmuhammad,4
zavgren,4
situasional,4
seharihari,4
efektivias,4
lingkungann,4
corporindo,4
akr,4
waskita,4
iring,4
statistical,4
tax,4
outflow,4
menujukkan,4
magnitude,4
generality,4
medco,4
interinsco,4
drsecmudji,4
geger,4
effort,4
abstrak,4
upt,4
pejagan,4
coffee,4
coefficients,4
kiddrock,4
cranberries,4
aksidental,4
rekomendasi,4
ptbri,4
faktual,4
abdul,4
serius,4
peneitian,4
credibility,4
pedagogik,4
tanggal,4
pratista,4
iwan,4
credit,4
kaizen,4
reza,4
retailing,4
merchandise,4
kwanyar,4
otoritas,4
indonsia,4
mentor,4
ukm,4
sponsor,4
kerjakaryawan,4
golong,4
serikat,4
hdiya,4
multikolonearitas,4
penilitian,4
celaka,4
mrandung,4
seringkali,4
utami,4
computer,4
kalang,4
politik,4
aktualisasi,4
new,4
v,4
silmultan,4
akun,4
platform,4
kecamtan,4
direct,4
maan,4
ghodaqo,4
disproportionate,4
hadir,4
halim,4
sedap,4
masako,4
kirim,4
komunikan,4
umpan,4
tuna,4
domisili,4
noda,4
rinso,4
ainur,4
fulmer,4
equityroe,4
asemrowo,4
mekar,4
initial,4
minta,4
banyuates,4
jeruk,4
mekanisme,4
warunk,4
upnormal,4
ancam,4
firdaus,4
deterjen,4
kertas,4
mra,4
ciptadent,4
notebook,4
fleksibilitas,4
recovery,4
parahyangan,4
bukopin,4
aida,4
maulina,4
sedangakan,4
akrual,4
underwriting,4
apple,4
warning,4
praja,4
times,4
abd,4
strait,4
turnoverkaryawan,4
drsecmakhmud,4
zak,4
biji,4
error,4
pse,4
matriks,4
proxi,4
pertanggungjawaban,4
pamong,4
prosentase,4
perijinan,4
philippines,4
klse,4
rayon,4
kuala,4
duta,4
series,4
harus,4
adro,4
bc,4
bbca,4
bidikimisi,4
sti,4
significance,4
aji,4
handjaya,4
otonomi,4
alamien,4
permata,4
normatif,4
pttrisakti,4
dilatarbelakangi,4
reporting,4
ifr,4
kinerjakaryawan,4
indonesian,4
science,4
buruk,4
products,4
tstatistik,4
seni,4
underwriter,4
janji,4
ulfa,4
juli,4
affect,4
warna,4
vision,4
bodo,4
wahyudi,4
sky,4
pendek,4
urut,4
cenderung,4
bmri,4
inisiatif,4
mall,4
ulp,4
epic,4
leseh,4
asi,4
berkah,4
jdid,4
ach,4
kino,4
rumput,4
martina,4
jangkau,4
sepam,4
sepakbola,4
kecil,4
interview,4
berto,4
widodo,4
joko,4
early,4
jones,4
ridha,4
ilaahi,4
hargavalue,4
nom,4
mown,4
kai,4
akasha,4
pintar,4
irr,4
institutional,4
azalea,3
cerita,3
pmii,3
dian,3
assfak,3
drh,3
assyuhada,3
explanatori,3
angsur,3
hidayah,3
ekspor,3
domian,3
kaya,3
trustworthiness,3
sono,3
businees,3
multiniaga,3
raharja,3
sanggar,3
helping,3
company,3
halhal,3
smp,3
anshori,3
rincian,3
sedudo,3
era,3
followers,3
yakin,3
isa,3
ritma,3
proksi,3
maruf,3
assistance,3
abdullah,3
others,3
syifa,3
expressing,3
feelings,3
asah,3
incentives,3
tama,3
yg,3
decisions,3
pyridam,3
bp,3
validasi,3
learning,3
mayora,3
pacific,3
ganise,3
tian,3
ali,3
individual,3
pegaruh,3
analsis,3
eksplanatori,3
scheringplough,3
india,3
terus,3
wati,3
indera,3
raas,3
destination,3
scan,3
mediatel,3
azeze,3
duko,3
jenang,3
efesien,3
mesinmesin,3
forklip,3
blacklitterman,3
stasiun,3
tikung,3
interprestasi,3
daryavaria,3
atraktif,3
pemkab,3
laboratoria,3
manajamen,3
investa,3
kegiatankegiatan,3
tempo,3
ningsih,3
department,3
undangundang,3
fund,3
can,3
olang,3
ole,3
npv,3
profitablitas,3
pnm,3
akra,3
ismaildra,3
hindar,3
himpun,3
rohmi,3
ringan,3
rintis,3
multiple,3
hatimah,3
staf,3
land,3
rebut,3
kandidat,3
excess,3
podomoro,3
badur,3
hm,3
hemat,3
moderated,3
rit,3
resto,3
by,3
ainun,3
drsecmsi,3
kenjeran,3
loyality,3
formula,3
yakult,3
hagen,3
tenun,3
klub,3
sudut,3
rekening,3
riil,3
masruroh,3
permen,3
daler,3
using,3
used,3
deteksi,3
nonfisik,3
teridiri,3
lekat,3
antara,3
personality,3
heteroskedastisitasregresi,3
petrosida,3
result,3
faridiawati,3
kualitaskinerja,3
putih,3
benarbenar,3
bata,3
edar,3
kausal,3
lux,3
karawaci,3
malam,3
suryawinata,3
lippo,3
sholihah,3
lder,3
physical,3
evidence,3
crismardani,3
realty,3
biasa,3
hi,3
rambut,3
murid,3
kmo,3
harindra,3
mobil,3
crdebt,3
yusuf,3
muda,3
prenduan,3
biografis,3
fisiologis,3
hr,3
klbf,3
joyo,3
lyly,3
jaring,3
maxi,3
bhayangkara,3
slopeng,3
lending,3
danareksa,3
acer,3
kineja,3
buah,3
pasir,3
kotler,3
moestadjab,3
aksesibilitas,3
mesan,3
eoq,3
inst,3
kruskall,3
bangkalanuntuk,3
banten,3
summarecon,3
pulp,3
employees,3
predikat,3
yogi,3
podho,3
sektoral,3
tediri,3
kos,3
nilainilai,3
idx,3
dianalisa,3
cognitive,3
erat,3
balanced,3
intern,3
prima,3
atraksi,3
pegantenan,3
fishbein,3
absen,3
fitri,3
kayu,3
padelegan,3
tempuh,3
atmosfir,3
karywan,3
apsari,3
directory,3
valuasi,3
enrichment,3
interveningpenelitian,3
petrocentral,3
ganggu,3
sembada,3
songgoriti,3
promotional,3
hospitality,3
hasyim,3
bani,3
bram,3
kbs,3
anova,3
cross,3
burden,3
advertising,3
mengetahuii,3
supply,3
key,3
wisnu,3
laissezfaire,3
autoritarian,3
vip,3
indotruck,3
samping,3
stsemmt,3
sangkut,3
smkn,3
pratiwi,3
circle,3
sumbu,3
obyektifitas,3
cakup,3
parameter,3
safetytingkat,3
penelitin,3
balik,3
khoirul,3
cvp,3
ika,3
tenggara,3
responsibillity,3
ptpal,3
siginifikansi,3
fcfe,3
dispendaloka,3
tambrinmm,3
gubug,3
drhjiriani,3
webqual,3
div,3
variability,3
experiental,3
hipotesa,3
presepsi,3
pendowo,3
gempol,3
tuntutantuntutan,3
diagram,3
drhj,3
merkkonsumen,3
tutup,3
tepung,3
neraca,3
deviasi,3
permkukmv,3
takmir,3
bbni,3
web,3
tanjungbumi,3
skunder,3
mengatahui,3
kapital,3
antisipasi,3
zulpah,3
kandatel,3
senantiasa,3
ektp,3
cerelia,3
kartesius,3
retrun,3
aditya,3
direktur,3
bisma,3
determinan,3
art,3
tresna,3
life,3
idola,3
bedasarkan,3
organik,3
estimasi,3
tritunggal,3
prudential,3
contractor,3
perinci,3
launching,3
koleksi,3
sendang,3
harkan,3
tunai,3
sd,3
triliun,3
kendangsari,3
objekobjek,3
boma,3
rukmana,3
sport,3
edukasi,3
subsektorpropertidanreal,3
origin,3
kerudung,3
ari,3
madinah,3
tamirul,3
cermin,3
finish,3
asing,3
plastik,3
durability,3
conformance,3
features,3
dll,3
farid,3
stabil,3
shampo,3
reliablitas,3
agris,3
eksplorasi,3
berdasarakan,3
vivi,3
estat,3
cowell,3
fely,3
patuh,3
arif,3
tantang,3
herding,3
coincident,3
bahwasannya,3
genteng,3
agency,3
visibility,3
malang,3
club,3
ohlson,3
receivables,3
sabar,3
pegawaidikantor,3
tiaptiap,3
kc,3
businesss,3
mci,3
eksplanatif,3
pokok,3
psikis,3
laili,3
delisting,3
apj,3
kamalmadura,3
rangkap,3
supplier,3
wafa,3
alm,3
reliabelity,3
karangpenang,3
ledre,3
dominanpenelitian,3
super,3
optik,3
tarif,3
dependent,3
leading,3
racing,3
main,3
tag,3
modifikasi,3
ltdter,3
tagih,2
bkd,2
auto,2
karyawa,2
hasilhasil,2
hrsc,2
results,2
datang,2
suli,2
directly,2
turis,2
eko,2
siginfikan,2
swadaya,2
hairul,2
vector,2
mediating,2
tentang,2
influenced,2
impor,2
mahal,2
indirect,2
percentage,2
jabatanx,2
indocement,2
attraction,2
candra,2
tekun,2
khoirur,2
novita,2
anisa,2
faridah,2
kepuasankerja,2
adi,2
mufat,2
thirotul,2
liliyah,2
artaboga,2
cemerlang,2
thitungttabel,2
valu,2
intermediasi,2
musrifah,2
vs,2
pranjotosemm,2
hasiluji,2
technology,2
ketua,2
cukup,2
usahashu,2
nagelkerke,2
kepemilian,2
sinyal,2
manunggal,2
kerjansebagai,2
dol,2
inswn,2
komunitas,2
rohman,2
brpt,2
devidend,2
perofit,2
amerika,2
maneron,2
itmg,2
koefesiensi,2
tengket,2
absolute,2
wallish,2
kera,2
transformasi,2
surabayapenelitian,2
textile,2
garmentgo,2
treatment,2
personnel,2
bergandahasil,2
wallis,2
minim,2
risa,2
cocok,2
jam,2
ismawati,2
keofisien,2
berengaruh,2
discounted,2
logit,2
trump,2
keungan,2
kesehatanya,2
meggunakan,2
donald,2
peduli,2
kolerasi,2
umum,2
poin,2
rizky,2
jelas,2
acidental,2
reliabelityresponsiveness,2
determinai,2
pim,2
efendi,2
crew,2
novitasari,2
surabayakota,2
daop,2
sofiatul,2
petrokimia,2
viii,2
pekerjaanya,2
structural,2
khoirun,2
abai,2
penenlitian,2
fhitungftabel,2
wana,2
berecana,2
center,2
ayahya,2
ptmnc,2
novell,2
pharmaceutical,2
laboratories,2
dyah,2
ptindovision,2
wedani,2
produkx,2
amaniyahse,2
ria,2
kuantitatifpopulasi,2
count,2
jln,2
tingat,2
citrta,2
variabelkomisarisindependen,2
rating,2
sofware,2
hasilthitung,2
dewandireksi,2
sofyan,2
adelia,2
propotional,2
report,2
emsi,2
annual,2
pucipta,2
safrizalstsemmt,2
empaty,2
disposition,2
giring,2
paternalistikx,2
disposisi,2
komparatif,2
akbar,2
petikemas,2
telkomsel,2
hasill,2
enlargementdan,2
enrichmentsecara,2
wingko,2
gawih,2
signifikanterhadap,2
stage,2
beliefe,2
zuliana,2
chandra,2
bergandaberdasarkan,2
multiatribut,2
muhammadiyah,2
tingkatsignifikan,2
badak,2
wcta,2
dahlan,2
pelangganpenelitian,2
gap,2
signinfikansi,2
ros,2
damayanti,2
syamsul,2
katagori,2
fauzi,2
way,2
kurniawan,2
sentosa,2
modernisasi,2
elok,2
devisi,2
kepalakepala,2
peusahaan,2
sekeckadur,2
sepulu,2
kabpamekasan,2
utuk,2
literatur,2
pttrijaya,2
daari,2
novi,2
mnc,2
maslow,2
abraham,2
perkasasidoarjo,2
polsek,2
burn,2
kuliah,2
drrmmoch,2
setiawan,2
bahagia,2
kaprang,2
fajar,2
blumbungan,2
dialog,2
judgement,2
evaliyati,2
sholehah,2
pp,2
kartini,2
fikri,2
ttabelsebesar,2
depan,2
sooko,2
taker,2
neutral,2
danarta,2
estimate,2
sharing,2
tabulasi,2
dah,2
jurnal,2
mamfaat,2
sembilan,2
purnama,2
firda,2
amount,2
tanggulangin,2
darmawan,2
requested,2
likuditas,2
gray,2
inferensial,2
widya,2
ife,2
evaluation,2
signifikanterhadapkeputusan,2
adopsi,2
bandeng,2
belonging,2
berpengaruah,2
maratus,2
zaman,2
umi,2
terbuktiditerima,2
lebihkecildari,2
konsentrasi,2
benefit,2
attitude,2
scma,2
skilldansoft,2
jsmr,2
identity,2
ketrampilan,2
lilik,2
jtv,2
ldar,2
dta,2
utomo,2
puji,2
sehatdua,2
tujuaan,2
ratioper,2
asimetris,2
otakotak,2
efe,2
body,2
lagged,2
winda,2
backup,2
sayusan,2
layar,2
abdur,2
runtun,2
dipublikasihkan,2
treynordan,2
diketahuibahwainformasilaba,2
perdana,2
perawatberpengaruh,2
batang,2
kepurtusan,2
discretionary,2
pi,2
miliar,2
accruals,2
modified,2
roagross,2
erp,2
yulia,2
sumarecon,2
pakuwon,2
diah,2
asstsemmt,2
adhi,2
uniliever,2
himawan,2
prasarana,2
warga,2
ni,2
perusahaansub,2
dibawahbimbingan,2
klinik,2
signifkan,2
sholikhah,2
heteroskedatisitas,2
samplingmetode,2
w,2
amin,2
n,2
ananda,2
determnasi,2
solvabel,2
adquacy,2
faza,2
radja,2
preposisi,2
perusahaandengan,2
kuadrat,2
cellular,2
arosbaya,2
rahasia,2
jasuindo,2
gajah,2
perkasa,2
kartika,2
gear,2
konservasi,2
kemuning,2
amaniyahsemsm,2
dillakukan,2
statis,2
ramal,2
least,2
persuasi,2
pkpri,2
drsech,2
variebel,2
ragung,2
pengarengan,2
konfirmatori,2
proyeksi,2
habis,2
sminfra,2
wispandonose,2
kukm,2
maksimum,2
kolmogorovsmirnov,2
mahasiwa,2
criteria,2
sungguhsungguh,2
ptkaber,2
respek,2
safitri,2
anggur,2
hjevaliati,2
indofarma,2
jatinom,2
partisipan,2
haryati,2
determinansi,2
terhadapkeputusan,2
spbu,2
aesthetics,2
sisebesar,2
septy,2
ecmudji,2
april,2
nurhayati,2
terdafatar,2
novianti,2
komisi,2
waspada,2
kerjadan,2
shif,2
purposif,2
poshang,2
mineral,2
ecommerce,2
apparel,2
harmonis,2
hangat,2
sejarah,2
perang,2
nuansa,2
agri,2
rejowinangun,2
from,2
gera,2
haji,2
diferensiasi,2
konstanta,2
februari,2
perah,2
sgnifikan,2
sapi,2
cow,2
pilar,2
bhinneka,2
grafis,2
imajinasi,2
tva,2
pukesmas,2
hotim,2
absensi,2
pelaksanaanya,2
bangkalaserta,2
nun,2
atika,2
interval,2
kisar,2
pria,2
ketidakjelasan,2
mengggunakan,2
pdn,2
cutoffpoint,2
adaro,2
kausalitas,2
people,2
jayanti,2
tampil,2
orangorang,2
verbal,2
rahmawati,2
kelulus,2
servisecape,2
ertiga,2
suzuki,2
wali,2
armstrong,2
dosenpembimbing,2
intelligence,2
energy,2
purposivesampling,2
aq,2
sandal,2
explore nganjuk,2
kokop,2
safrizalst,2
yag,2
semmt,2
adala,2
qurban,2
hakim,2
dow,2
selvi,2
aprilia,2
operasipendapatan,2
cumulative,2
starfood,2
responsive,2
tangiblebuktifisik,2
reliabilitykehandalan,2
responsivenessdayatanggap,2
assurancejaminan,2
emphatyempati,2
clustered,2
aar,2
prestai,2
cvwest,2
cvyudhistira,2
mati,2
stationary,2
cerai,2
menejerial,2
kelas,2
abc,2
trunojoya,2
ews,2
cermat,2
qiqoid,2
alis,2
outlet,2
xz,2
postif,2
paciran,2
wildanse,2
kesan,2
jepara,2
overreaction,2
luluk,2
perforing,2
sectional,2
ernawati,2
jumat,2
alfian,2
kamis,2
spgn,2
rabu,2
selasa,2
senin,2
pusaka,2
dispendukcapil,2
keja,2
wahana,2
sapta,2
xxe,2
kompetisi,2
akirom,2
wicaksono,2
jennah,2
sahamsaham,2
tangibles,2
etex,2
pruduktifitas,2
zy,2
digital,2
hijab,2
prajoto,2
trada,2
csi,2
maritime,2
sinifikan,2
vareabel,2
agroniaga,2
nisp,2
ocbc,2
standarstandar,2
tomorrow,2
nova,2
victoria,2
ternak,2
mengikutsertakan,2
argopuro,2
tinggal,2
proaktif,2
signifakan,2
ekonomis,2
interisco,2
menggunaka,2
anlisis,2
thitungx,2
pelatian,2
metodologi,2
ghani,2
kombinasi,2
kamalia,2
pasti,2
arianto,2
abcs,2
costing,2
skpd,2
activitybased,2
objektifitas,2
vp,2
divre,2
viscap,2
moderat,2
wn,2
kriteriakriteria,2
imam,2
interpretasi,2
mini,2
dewasa,2
boston,2
irawan,2
koesioner,2
varabel,2
even,2
provinsi,2
mutiara,2
standard,2
tangibel,2
terdiridari,2
sensitifitas,2
nikkei,2
tambangraya,2
penelitiian,2
wenang,2
prakarsa,2
dharma,2
sumur,2
gua,2
singosarimalang,2
khalifah,2
bangkalandibawah,2
simpel,2
padusan,2
cbp,2
sematamata,2
praktek,2
reliabel,2
valid,2
pkl,2
yuliana,2
axiata,2
komariah,2
kemudi,2
katakunci,2
planned,2
mediacom,2
susah,2
faridatul,2
dengn,2
mengguanakan,2
ratna,2
haryono,2
keckamal,2
karyawandengan,2
bca,2
kandang,2
permbu,2
solution,2
singkat,2
liquid,2
pacet,2
keputusanpembelian,2
profesi,2
rizka,2
faidalsemm,2
fariz,2
ah,2
dokumen,2
sm,2
eksploratif,2
reduction,2
infra,2
made,2
pandemic,2
ardi,2
alamat,2
cpa,2
koran,2
pedoman,2
agustus,2
charoen,2
kapuas,2
fauzan,2
man,2
desi,2
proyek,2
pandemi,2
lai,2
berpengraruh,2
kreteria,2
barokah,2
sutera,2
margo,2
prambon,2
rukun,2
samben,2
asri,2
ta,2
pr,2
megah,2
cdm,2
smgr,2
rudal,2
november,2
simulitan,2
reorder,2
surat,2
putraputri,2
adlah,2
signifkansi,2
mita,2
ramadhan,2
karyawanpada,2
heteroskesdastisitas,2
dekriptif,2
eksistensi,2
quantitative,2
atm,2
lukis,2
eliminasi,2
glorious,2
terhada,2
trustkepercayaan,2
amanah,2
demokratikmotivasi,2
strategik,2
alif,2
probality,2
while,2
sunan,2
kjpp,2
unsurunsur,2
kebutuhankebutuhan,2
cendana,2
ibm,2
output,2
manajerialkebijakan,2
bondingikatan,2
empathyempati,2
reciprocitytimbal,2
agresif,2
mahmud,2
hibur,2
yunus,2
hal,2
pokphand,2
nolai,2
penelitiaan,2
sholeh,2
bojonegoroputera,2
soto,2
muhamad,2
optimalisasi,2
mawapres,2
ratnasari,2
sosail,2
bedah,2
cadang,2
kreatif,2
pearsial,2
sepenuh,2
investmen,2
soetomo,2
monoton,2
chrismardanissimm,2
similarity,2
respondenuji,2
induktif,2
eat,2
anna,2
udara,2
musik,2
ki,2
pudak,2
saadah,2
bigger,2
tapioka,2
ofis,2
know,2
respect,2
bandung,2
rizal,2
widia,1
sophie,1
punggung,1
hias,1
astutik,1
perusahaanpbv,1
tulang,1
enrichmentterhadap,1
moderen,1
semaduratujuan,1
enlargementsecara,1
customernya,1
sayur,1
yaniar,1
aliyuddin,1
angketkuesioner,1
iis,1
perkapala,1
hjsanugrahini,1
mufidah,1
mumilatul,1
rsquare,1
ishaki,1
profitabilitan,1
menunujukan,1
busariyanto,1
ftest,1
tau,1
purpsive,1
enggunakan,1
inim,1
addalah,1
keripik,1
manding,1
profitbilitas,1
partial,1
cargo,1
sulistyorini,1
essenzoindonesia,1
inds,1
kofisien,1
stratifiedrandom,1
wsemsi,1
paris,1
curret,1
keselatamatan,1
iswati,1
analysi,1
selaras,1
express,1
seta,1
serah,1
sigifikansi,1
kepecayaan,1
simultanpenelitian,1
variablel,1
drahjs,1
kedisplinan,1
ditamas,1
nikmah,1
laura,1
erfani,1
dusun,1
kepemiikan,1
dipengrauhi,1
kholidah,1
posiitif,1
dibuktukan,1
moderating,1
asosiatif,1
tersebutoleh,1
sulastri,1
proportione,1
mencapat,1
koflik,1
gersikputih,1
ra,1
wahyu,1
indifidu,1
organisasikemitraan,1
oisau,1
tagibles,1
fajria,1
deskriptifwawancara,1
analisisyaitu,1
mewadai,1
majapahit,1
membandingkaan,1
apasif,1
qamariyah,1
kategorisasi,1
tahn,1
spritual,1
juwairiyah,1
sus,1
arno,1
jtrust,1
reation,1
pension,1
hipotesi,1
mengekplorasi,1
karyawanteknik,1
ptpelindo,1
sciens,1
intellectul,1
pangistu,1
anny,1
kerjahal,1
kecildari,1
tugastugas,1
aviyanti,1
asshiddiq,1
ikamapaba,1
istrumen,1
sumberdaya,1
isma,1
sscore,1
jamal,1
holifatul,1
parametrik,1
mental,1
riska,1
sitesisasi,1
majapait,1
dbr,1
kinerjapuskesmas,1
normalberdasarkan,1
nilaifhitung,1
lthitung,1
umami,1
kurun,1
adiningrum,1
dulianti,1
mojoroto,1
aprilina,1
susandini,1
ngampel,1
subroto,1
wilmar,1
prasidha,1
indinesia,1
dream,1
mosaic,1
dipeoleh,1
nia,1
bom,1
kerumit,1
farqi,1
fachruddin,1
rohmatin,1
erfima,1
enrichmentmemiliki,1
semaduravariabel,1
perushaaan,1
lqpendekatan,1
forma,1
kemitraanmanajemen,1
pik,1
galaxi,1
tourservqual,1
torism,1
kepuasasn,1
elika,1
juniyanti,1
sidayu,1
lansia,1
nu,1
umk,1
sujayanti,1
ganier,1
hartinah,1
demang,1
kholil,1
sofariyah,1
kb,1
formal,1
paming,1
kyai,1
ranah,1
remaja,1
mudahterlebih,1
kimitraan,1
manajerialmown,1
tanggulang,1
zuhruf,1
agent,1
lingkup,1
surabayaindonesiapenelitian,1
darmo,1
diminimalisir,1
signal,1
mahfudah,1
menaglami,1
perlahan,1
lingkunga,1
anis,1
berpengauh,1
sebesesar,1
pasrsial,1
pengauh,1
vivin,1
octavia,1
ketintanggayungansurabaya,1
yani,1
wardana,1
tiap,1
satfungsi,1
ardiansyah,1
drsmudji,1
alex,1
dicky,1
limgkungan,1
cicik,1
laksamana,1
prayogo,1
pilpres,1
danu,1
firmansyah,1
rayaberpengaruh,1
berujumlah,1
fhitungsebesar,1
ftabelyaitu,1
mohkosim,1
dankinerja,1
knowledege,1
karyawantingkat,1
wisuda,1
zakiyatus,1
drhrmmoch,1
nawawi,1
porselens,1
material,1
owner,1
jadwal,1
bimbingann,1
nuh,1
yudhistira,1
umkmtahu,1
kandangrejo,1
dwiagisa,1
kedungpring,1
ifas,1
efas,1
stabilitas,1
differentation,1
gegor,1
kerjastres,1
shofi,1
nonperforming,1
kuncireward,1
drec,1
karyawanberdasarkan,1
khoirina,1
karim,1
mspi,1
inodonesia,1
perusahaa,1
prespektif,1
fuji,1
tuji,1
abuabu,1
food,1
sekar,1
delfan,1
fauzetul,1
ypengendalian,1
controlx,1
ypenelitian,1
sandi,1
dalampemberdayaan,1
samhaji,1
pegambilan,1
indoenesia,1
richa,1
tapiokaadanya,1
menggukan,1
sector,1
apresiasi,1
pekerjaansusah,1
ekspresi,1
dampakdampak,1
mangkir,1
samplenya,1
slopel,1
bangkalansedangkan,1
zmiewski,1
ketidaksiapan,1
afifah,1
banyuajuh,1
mukhlis,1
perusahaanteknik,1
mr,1
mennunjukkan,1
dteliti,1
mediator,1
sekuensial,1
eksplanatoris,1
methods,1
mixed,1
orgaization,1
cilmate,1
var,1
simpuk,1
runtut,1
issi,1
moneter,1
meminimalisir,1
samplig,1
panglima,1
bopoldr,1
keefktifitasan,1
respondenberdasarkan,1
isnanda,1
anamdrs,1
megananda,1
virgiastutik,1
mdan,1
kuantitatifmetode,1
perusahaanuntuk,1
leveragesecara,1
kepemiliksn,1
khusunya,1
qomariyah,1
signif,1
dominasi,1
maghfirotul,1
fitriani,1
hazizah,1
membercheck,1
ketekunankeajegan,1
fikawati,1
inddependen,1
profitabilty,1
memggunakan,1
spesifik,1
pegawaisebesar,1
drsdr,1
sultoni,1
ydalam,1
komentarkomentar,1
kritik,1
targeting,1
bahasa,1
atngibility,1
studipada,1
perusahaandalam,1
overall,1
sara,1
ismi,1
rulita,1
original,1
abidah,1
disperindag,1
eksplantif,1
metropolitan,1
pemprov,1
fitriah,1
arnis,1
wijayanti,1
reng,1
mursyid,1
berpoengaruh,1
terhadapo,1
definisi,1
nailussaadah,1
kjinerja,1
aviva,1
ramdom,1
mdel,1
kemapuan,1
kiai,1
nplldr,1
kentjana,1
nonformal,1
kholifah,1
rudi,1
udrumah,1
ibudra,1
kawirian,1
profisionalisme,1
popilasi,1
perusahaansampel,1
kuncimarket,1
caracara,1
tunggla,1
syarifmsi,1
sopek,1
gowa,1
makassar,1
titans,1
ybaik,1
vivatex,1
hartono,1
kharismatikx,1
otokratisx,1
roahasil,1
sebsesar,1
varibelveriabel,1
sherly,1
marlyna,1
sukma,1
nurmayanti,1
multikolorieritas,1
ketidakterikatan,1
feri,1
infrastrukur,1
pengunjungwisatawan,1
sitem,1
fitrianah,1
hiitung,1
roudotul,1
nivia,1
pujowati,1
perindusrian,1
tersebutberdasarkan,1
mutoharo,1
ttabell,1
indrawan,1
bidayatul,1
nugrahospimm,1
noviandari,1
analisisdata,1
menganalisisperputaran,1
roeuji,1
rifaldi,1
ramdhan,1
multikoloniaritas,1
sentral,1
akuisisisubjek,1
irsyadul,1
peerputaran,1
terhdaap,1
rifa,1
fitrotunisa,1
ditunjukkandengan,1
individuperilaku,1
dilema,1
tbai,1
deskripti,1
panen,1
inayat,1
asli,1
litopenaeus,1
pelatihandisiplin,1
alfianur,1
negelkerke,1
dio,1
eja,1
dioalah,1
pengusahapencapaian,1
kopetensi,1
deskriptifhasil,1
farmasiyang,1
sebanyakperusahaan,1
kuncicurrent,1
pramadiani,1
akuakultur,1
endah,1
budidaya,1
kultural,1
intrument,1
tegur,1
sapa,1
curiga,1
ukmf,1
kepul,1
hasanudin,1
diyayanti,1
rusti,1
piring,1
sotfware,1
disfungsioanl,1
rekapitulisasi,1
sesngkan,1
lusiana,1
oktavia,1
sisma,1
kpu,1
setor,1
nabi,1
interveningteknik,1
desatanjung,1
anisyah,1
aria,1
lingkunganberpengaruh,1
rozyqin,1
imroatul,1
isnainia,1
gratis,1
bangsa,1
kreditor,1
domino,1
komentar,1
reaktif,1
tahaptahap,1
samplingdan,1
nurfadhillah,1
mergerakuisisi,1
isroil,1
akal,1
dukunkyai,1
syahrozi,1
rekapitulasi,1
psu,1
irmm,1
ualang,1
jeli,1
hikmah,1
mungut,1
mula,1
hasilrekrutmen,1
milu,1
dirimereka,1
kerjapertama,1
filsuf,1
intraktif,1
mkeningkatkan,1
profitabilitasroa,1
tunjung,1
malihat,1
basis,1
mike,1
ardita,1
kabupeten,1
sholichul,1
syaicullah,1
pemaegang,1
proposive,1
alir,1
devinta,1
distribution,1
netdebtts,1
dits,1
dianasari,1
sisahasil,1
rpublik,1
rppets,1
danibu,1
chwctu,1
samplingyaitu,1
katun,1
itemitem,1
moral,1
besi,1
menunjukkanbahwasannya,1
perusahaanya,1
arana,1
ningam,1
excellentia,1
lawang,1
rosida,1
robiatul,1
betakepemimpinan,1
kini,1
tema,1
baru,1
adawiyah,1
rientasi,1
logo,1
tehnikstratifiedclustersamplingberdasarkan,1
bsebesar,1
ippeppe,1
rab,1
cffos,1
udarakebersihan,1
hanafi,1
bega,1
promosijabatan,1
poster,1
komensasi,1
papan,1
barangtersedianya,1
aroma,1
suhu,1
maftuhah,1
kepentingankinerja,1
nikmat,1
deksripsi,1
merupakansalahsatuanakperusahaandari,1
suatu,1
bergerakdibidanglayanandistrubusidanperdaganganprodukkesehatan,1
saatini,1
auliatus,1
simbol,1
diskon,1
ammana,1
konsumenkepentingan,1
cffota,1
salestotal,1
equitybook,1
logistic,1
farida,1
taxestotal,1
before,1
esate,1
earningstotal,1
capitaltotal,1
kewajibankewajiban,1
lunas,1
fell,1
kampil,1
koreksi,1
artifact,1
artikel,1
kelamahan,1
pertumbuhanlabadankoefisienresponlaba,1
intenton,1
outbound,1
penelitihan,1
apa,1
aprilyanto,1
oki,1
joan,1
destinasisecara,1
hanifzainuri,1
wego,1
pengaruhinformasilaba,1
zuhri,1
gondang,1
pertumbuhanlabaterhadapkoefisienresponlabapada,1
dibawahbimbinganechsangani,1
berdasaekan,1
bresponden,1
slovinanalisis,1
semsidanhadipurnomo,1
ulum,1
terhapa,1
moro,1
holistik,1
aprilya,1
ananlisis,1
pati,1
soewondo,1
employe,1
vaca,1
vahu,1
raa,1
stva,1
probablity,1
dumaksud,1
instrymen,1
memusaskan,1
chika,1
pramifta,1
yusi,1
padang,1
varaibel,1
tresnopadangan,1
penelitianinibertujuanuntukmengetahuipengaruhvariabelinformasilaba,1
danpertumbuhanlababaiksecaraparsialmaupunsimultanterhadapkoefisienresponlabapada,1
penelitianinidilakukansecaradeskriptifkuantitatifdenganmenggunakan,1
waswas,1
bergandadenganmemakaiuji,1
danuji,1
rachma,1
fani,1
tenang,1
danpertumbuhanlabasecarasimultanberpengaruhtidaksignifikanterhadapkoefisienresponlabapada,1
yangterdaftar,1
berartihipotesis,1
tolakdanuji,1
diperolehdari,1
santai,1
danpertumbuhanlabasecaraparsialberpengaruhtidaksignifikanterhadapkoefisienresponlaba,1
bangkit,1
inimenunjukkanbahwa,1
variabelbebasterdapatfaktorfaktor,1
mempengaruhikoefisienresponlabasepertikebijakanperusahaanbaiksecarainternalmaupuneksternaldankondisipasar,1
informasilaba,1
emosi,1
digunakanuntukmengetahuihipotesisadalahmenggunakanregresi,1
sedangkanteknikanalisis,1
menggunakanujiasumsiklasik,1
perusahaanuntukpengujian,1
transfer,1
beimetodepengambilansampel,1
semi,1
pasca,1
marketplace,1
digunakanadalah,1
konsumtif,1
sandang,1
bumd,1
dandiperolehsampelsebanyak,1
bhakti,1
perusahaanorganisasi,1
pikul,1
sayang,1
perusahaandari,1
fanomena,1
noerlila,1
liar,1
melayaniperdaganganbaikditingkatapotik,1
angrahini,1
tehdap,1
industrial,1
blok,1
miftakhul,1
fb,1
cikarang,1
selatan,1
bekas,1
maidah,1
febriyana,1
delta,1
debby,1
pnyelaras,1
panutan,1
nonparametris,1
fatonah,1
engagedtujuan,1
tabligh,1
garis,1
silicon,1
insert,1
rumahsakithinggakepasartradisional,1
firdia,1
tanggungjawab,1
tergadap,1
ech,1
kpi,1
hierarchy,1
analitical,1
ahp,1
chasanah,1
sepele,1
manual,1
aksi,1
korporasi,1
likuid,1
kritiria,1
peiode,1
zakariyah,1
musa,1
rb,1
multikolineritas,1
hevin,1
hadist,1
asumsis,1
signiflkansi,1
lbu,1
hosen,1
dalah,1
tdan,1
efeke,1
dias,1
virna,1
bawha,1
sulistyaningsih,1
gazal,1
hani,1
naufal,1
rasidi,1
interveningstudi,1
posiif,1
pemuda,1
adalahh,1
tingakt,1
signmkan,1
gresikkomunikasi,1
zmijewskiterhadap,1
alquran,1
sandar,1
sejati,1
kurskall,1
xix,1
alu,1
lihayati,1
peruahaan,1
keluarpihak,1
alalisis,1
sebnayak,1
pangestu,1
keingnan,1
juag,1
interpesrsonal,1
sitti,1
choirin,1
komprehenship,1
menegetahui,1
hoiroti,1
bernilaipositif,1
dilakukandenganmenggunakan,1
cutt,1
monitoring,1
penanggungjawab,1
didapatkanbahwakoefisienregresi,1
untukvariabelhard,1
skillkaryawan,1
selidik,1
dengannilaisigninfikansisebesar,1
lawas,1
kententuan,1
sertahasilthitungttabel,1
inimenunjukkanbahwahard,1
skillberpengaruhpositifdansignifikanterhadapproduktivitaskaryawan,1
sedangkanuntukvariabelsoft,1
didapatkanhasilkoefisienregresi,1
dengannilaisignifikansi,1
lebihkecildaritingkatsignifikan,1
berdasarkanhasilanalisa,1
skillterhadapproduktivitaskaryawan,1
off,1
adapuntujuandaripenelitianiniadalahuntukmengetahuipengaruhhard,1
untukmenunjangpelayanannya,1
dibutuhkantenagakerja,1
terampilbaikdalamkemampuanhard,1
skillmaupunsoft,1
skillnya,1
fasira,1
potensipotensi,1
dalampenelitianinipendekatan,1
digunakanadalahkuantitatifdenganmetodestudikasus,1
support,1
dimanajumlahresponden,1
usul,1
komoditas,1
programprogram,1
digunakanadalahseluruhkaryawan,1
integratif,1
aprilla,1
maspati,1
untuknilaithitungttabel,1
saroh,1
drhmalkirom,1
ditunjukkanolehkoefisien,1
sedangkanvariabelhard,1
nilaikoefisien,1
betahanya,1
produktivitaskaryawan,1
muqtadir,1
lelah,1
seminar,1
miftahuddin,1
kampung,1
adam,1
kampus,1
sambut,1
representatif,1
wawas,1
serap,1
sarjana,1
wisawatawan,1
lebihdominan,1
skillmempunyaiperan,1
namunvariabelsoft,1
samabesarterhadapproduktivitaskaryawan,1
mulyono,1
inijugamenunjukkanbahwavariabel,1
wisatwan,1
akses,1
berpengaruhpositifdansignifikanterhadapproduktifitaskaryawan,1
secarasimultanvariabelhard,1
skilljugaberpengaruhpositifterhadapproduktivitaskaryawandengannilaifhitungf,1
tabeldantarafsignifikansisebesar,1
wasatawan,1
saedah,1
variabelhard,1
karyawaan,1
karyawany,1
bekerjapenelitian,1
dansoft,1
cidera,1
skillmempunyaipengaruh,1
convenience,1
purwanti,1
struktural,1
kerumahtanggaan,1
kenjerandi,1
rofendi,1
meciptakan,1
samplingdata,1
proportinate,1
dilanjudkan,1
dingunakan,1
subbag,1
judgment,1
tolok,1
keduannya,1
bag,1
kerumahtangaan,1
hrs,1
perspektfyaitu,1
perspektifpelanggan,1
bukubuku,1
analytical,1
drasanugrahini,1
handayani,1
yangterdiriataskomisaris,1
jatuh,1
kaffa,1
rupiah,1
barangbarang,1
tip,1
demokratikmotivasiteamworkdisiplin,1
fariabel,1
menujjukkan,1
ulpkenjeransampel,1
karyawanuntuk,1
witri,1
karyawandan,1
disiplinkerja,1
ratiose,1
equitydan,1
sukubunga,1
kepemimpinanmotivasi,1
signiifikan,1
empirik,1
hierarky,1
high,1
work,1
dampit,1
profotabilitas,1
aena,1
makmun,1
bustomi,1
tethadap,1
baiquni,1
kontruksi,1
sugio,1
sumberejo,1
ketemu,1
ridhohalim,1
pengaruhgood,1
governenceterhadapkinerjakeuangan,1
sektormakanandanminuman,1
chaitulanam,1
kesdan,1
gatotherupranjoto,1
tujuandalampenelitianiniadalahuntuk,1
cholis,1
konstituen,1
genral,1
tu,1
sectiomal,1
ketermpilan,1
peengalaman,1
menara,1
internusa,1
elda,1
elsaviana,1
eksplanatory,1
mcclleand,1
mallmall,1
valuepbv,1
manufatur,1
motif,1
millisani,1
populer,1
berpenagruh,1
peka,1
nominal,1
aga,1
mancanegara,1
golek,1
papar,1
unyil,1
boneka,1
tosan,1
topeng,1
gunawan,1
aditiya,1
karena,1
potehi,1
irhamni,1
kulit,1
sair,1
benda,1
surabayahasil,1
aries,1
ton,1
antarvariabel,1
firmanda,1
belajardan,1
tatap,1
karawitan,1
pangeranpersero,1
lisrel,1
yberpengaruh,1
sem,1
modelling,1
equation,1
variabelyang,1
kuncirotasi,1
jabatankepuasan,1
pegawaikinerja,1
kependidikananalisis,1
mufid,1
hidayatulloh,1
sebanyal,1
menuruntujuan,1
independe,1
heny,1
macapat,1
adalan,1
risti,1
najmuddin,1
zahid,1
bumiterhadap,1
organisiasi,1
upah,1
kh,1
musyawarah,1
transferability,1
ketidakmampuan,1
verifikasi,1
pakat,1
rsu,1
diharapakan,1
sinergi,1
gita,1
festival,1
amanda,1
rahmatika,1
najmi,1
em,1
prabowo,1
subianto,1
anang,1
aminah,1
berubahubah,1
ukuan,1
far,1
like,1
sendiri,1
periksa,1
alida,1
bebek,1
sinjay,1
referensial,1
nurfi,1
aisyah,1
preferensial,1
fahrini,1
montoya,1
uno,1
sandiaga,1
governence,1
dankepemilikan,1
bernadeta,1
zyn,1
penegambilan,1
divkaprang,1
hasbullah,1
indonesiapersero,1
erlin,1
ariyanti,1
azis,1
beva,1
sibuk,1
diperhatikanya,1
heteroskedastiisitas,1
trisnawati,1
jaksa,1
tengahtengan,1
suprapto,1
lebak,1
bertanggungjawab,1
acara,1
bekal,1
hangtuah,1
perusahaanjenis,1
dibeirkan,1
keluh,1
produktiivtas,1
rifqi,1
keruh,1
curang,1
migascepu,1
persyratan,1
pengankatan,1
ujin,1
swbanyak,1
regeresi,1
catatn,1
jamilatul,1
narasumber,1
pnelitian,1
icmiah,1
produkcitra,1
kala,1
topik,1
infinit,1
things,1
savitri,1
kurnia,1
asma,1
rosita,1
perspekstif,1
ecm,1
widiyawati,1
sejawa,1
nuri,1
ririn,1
sebut,1
penjulan,1
cahyani,1
liear,1
prajonto,1
kareb,1
kriiteria,1
manurung,1
wanti,1
ade,1
discreationary,1
acruals,1
semster,1
istilah,1
manamana,1
ridho,1
mesin,1
spesifikas,1
xnilai,1
konektivitas,1
mafsusah,1
virtual,1
rambah,1
profitabilita,1
nilao,1
naga,1
faisal,1
semt,1
najib,1
sifa,1
udbersama,1
nilasari,1
rsupply,1
tumbu,1
agis,1
amara,1
prakoso,1
organisasinal,1
responsuveness,1
sevqual,1
fhiutng,1
cantum,1
mens,1
ruthtyanur,1
negtatif,1
cukp,1
uju,1
isntrumen,1
exteriordan,1
nonprobablitiy,1
analysisn,1
senjang,1
karyawanmetode,1
kinerjakeuangan,1
kinerjakeuanganmakanandanminuman,1
kepemilikaninstitusionaldankepemilikanmanajerialberpengaruhsecara,1
minumanteknikpengambilsampelmenggunakanjudgment,1
daoatkansampelsebanyak,1
bagia,1
minumanteknikanalisis,1
menggunakananalisisregresi,1
berdasarkanhasilpenelitianmenyimpulkanbahwa,1
hjanugrahini,1
umam,1
kepemilikaninstitusional,1
keuanganperusahaan,1
makanandanminuman,1
sedangkepemilikanmanajerial,1
hoirul,1
presatsi,1
larissa,1
berpengaruhterhadap,1
keuanganperusahaanmakanandanminuman,1
per inv,1
amaniyahsemsi,1
ove,1
djafrizait,1
aditiyas,1
firman,1
mukarromah,1
ulfatul,1
builiding,1
check,1
contoh,1
orbit,1
mirtan,1
nonkonstan,1
salamah,1
arniko,1
pengujia,1
maghfirotus,1
autokolerasi,1
pertumbumbuhan,1
ourland,1
ourlan,1
amaniah,1
saputra,1
sriharta,1
karyawanbudaya,1
mnoor,1
ronny,1
pupulasi,1
audien,1
sudiyono,1
rastra,1
beras,1
gabah,1
ori,1
hama,1
fyaitu,1
berantas,1
pangan,1
sundari,1
titik,1
setya,1
puguh,1
ilwan,1
satiyah,1
other,1
maduraskripsi,1
profabilitas,1
yields,1
fluktuasi,1
ainul,1
yaqin,1
prabayar,1
reliabiliitas,1
univeristas,1
mahat,1
mafirya,1
bakti,1
bangkalandi,1
kujung,1
drahj,1
sst,1
mt,1
bangkalanmengambil,1
karyawanjenis,1
karyawanselanjutnya,1
bangkalanhasil,1
rsebesar,1
hilang,1
inforemasi,1
euangan,1
wilauddin,1
xmempunyai,1
xmenpunyai,1
nasirudin,1
sebesarbesarnya,1
gelar,1
eventevent,1
akomodasi,1
kedaikedai,1
souvenir,1
pengelolahan,1
galih,1
industriadapun,1
sumeneppenelitian,1
yuntuk,1
variabeldilakukan,1
analisiskualitatif,1
asumsiklasik,1
regersi,1
bahwasecara,1
stimultan,1
humaini,1
directori,1
lantai,1
rentan,1
kaitanya,1
untik,1
estese,1
contruction,1
pasial,1
sberpengaruh,1
mardianawati,1
sewa,1
ella,1
liatul,1
maufiroh,1
metodenaltman,1
smijewski,1
terdafatr,1
tbkpt,1
ida,1
rohyani,1
samplingdari,1
mvebve,1
mann,1
whitney,1
deposan,1
lina,1
indrawati,1
indonesa,1
ptenergi,1
persadatbk,1
analisia,1
altmanzscore,1
finda,1
gara,1
ecchairul,1
ne,1
fadilah,1
faizati,1
nalawiyah,1
purposiv,1
sharereturn,1
invesmentharga,1
fortune,1
fms,1
setiowati,1
acces,1
istighosah,1
raih,1
ratioloan,1
deposito,1
cimb,1
margindannet,1
purwati,1
roereturn,1
crcurrent,1
fitria,1
sonia,1
sampiling,1
easthetics,1
so,1
fausah,1
aku,1
mountain,1
sriwahyuni,1
berdasarkasn,1
hs,1
bnp,1
icb,1
boi,1
artha,1
saw,1
mayapada,1
bachrowi,1
cisarua,1
dairy,1
manakan,1
cisaruabogor,1
masayarakat,1
setiana,1
bdan,1
consulting,1
kuliner,1
consuling,1
vertikal,1
question,1
mark,1
lapuk,1
wiwik,1
bodopasuruandibawah,1
kawasan,1
produku,1
paradigma,1
rencanarencana,1
sasaransasaran,1
rkpd,1
relevan,1
eselon,1
kholis,1
anwarul,1
kaber,1
karyawandari,1
hakam,1
pradityo,1
kusumajani,1
musthofa,1
wantaradrsmm,1
dansuyonose,1
koefisen,1
tiketkepuasan,1
komunikas,1
arau,1
anik,1
arismah,1
pengaruhcitra,1
erti,1
stars,1
arena,1
toserba,1
muji,1
kebijakankebijakan,1
intentions,1
anwari,1
pengrajn,1
penggajianupah,1
gilang,1
khasogi,1
cvcerelia,1
muttaqin,1
taat,1
yulita,1
ramayana,1
xberpengaruh,1
dikonsumnsi,1
ide,1
fiturfitur,1
nseries,1
multimedia,1
eseries,1
senjata,1
henti,1
atrbut,1
kuning,1
fachrezi,1
anakanak,1
semua,1
integration,1
franchise,1
bekerjasama,1
soda,1
cows,1
delivery,1
armada,1
yulfian,1
yonif,1
vendy,1
bkph,1
jatirejo,1
squarese,1
pengrahan,1
risqiyatul,1
maqfiroh,1
seraca,1
perasaaan,1
kombangan,1
ujif,1
alf,1
robin,1
swalayanswalayan,1
mangement,1
organisai,1
mpv,1
munir,1
suksess,1
guruvariabel,1
fatimatuz,1
zehroh,1
muflihatul,1
azizah,1
caplital,1
qurrata,1
ayyun,1
satistik,1
achiyat,1
faisol,1
organizatioanal,1
rozi,1
ridwan,1
rifai,1
ikal,1
untukmengetahui,1
menggunakanaccidental,1
ujivaliditas,1
datayaitu,1
smartfrenberartihipotesis,1
dapatdikatakan,1
kama,1
trnsparansi,1
law,1
rule,1
responsivitas,1
henia,1
arisanti,1
legalitas,1
prrudal,1
irwan,1
sugiantoro,1
mengoptimalakan,1
tingakat,1
aguustus,1
hmakhmud,1
motode,1
menimimumkan,1
agustin,1
informaasi,1
idayatul,1
wildam,1
ati,1
munfaati,1
aktifitasnya,1
tinggitujuan,1
syafrina,1
prahmana,1
tara,1
minnum,1
responde,1
purpoosive,1
drmohammad,1
finlandia,1
protokol,1
gsm,1
cdma,1
wcdma,1
umts,1
zte,1
cina,1
eksplorator,1
penasaran,1
sorang,1
tuntun,1
kadang,1
jarang,1
kontra,1
berdapak,1
eric,1
meygawan,1
aidul,1
rhosal,1
yudianto,1
selamet,1
puskesmaskamal,1
corporation,1
hariyani,1
tika,1
endang,1
wwwsahamokcom,1
wwwidxcoid,1
wwwyahoofinancecom,1
date,1
tedapatnya,1
afriani,1
hmalkirom,1
romli,1
kecerdasn,1
bangklan,1
integral,1
departement,1
explanatory,1
aziz,1
dalil,1
peniliti,1
jodoh,1
kaku,1
beliau,1
masyakat,1
buhori,1
tambrindosen,1
delap,1
mempuyai,1
taerhadap,1
siyami,1
lailatul,1
hudan,1
dardiri,1
septiawan,1
pomede,1
distibusi,1
imroatus,1
soleha,1
adap,1
posotif,1
luqmanul,1
assohidi,1
qodriyah,1
karyawanmengetahui,1
ismaildramm,1
bangkalani,1
kuncisikapmotivasikinerja,1
supriadi,1
anaisis,1
tdak,1
pengolahanya,1
alisyahbana,1
wisapandono,1
ketidaktepatan,1
uppkh,1
bergandadari,1
madurapopulasi,1
dalamkeluarga,1
atautidak,1
padan,1
mariyam,1
prasteyo,1
klasi,1
ajeng,1
peristiwaperistiwa,1
aktivitasaktivitas,1
akrab,1
fitriya,1
terkinik,1
marti,1
ekowatianalisis,1
kabupatan,1
lamonganskripsi,1
idr,1
transakasi,1
reni,1
menjadiibu,1
wanitayang,1
karenaingin,1
milikidalam,1
karyawati,1
karyawatinya,1
lely,1
nurvillah,1
citrawaty,1
andy,1
mengetauhi,1
riko,1
fitrianto,1
alberrina,1
febrianti,1
lamonongan,1
pambudisemm,1
awal,1
tindakantindakan,1
zulfi,1
djamil,1
menundanunda,1
daeler,1
pegalaman,1
zebra,1
zbra,1
humpuss,1
intermoda,1
hits,1
tram,1
sadarusman,1
perserotbk,1
serahi,1
saputro,1
ercapai,1
yenni,1
efesiensi,1
indriani,1
propfitabilitas,1
opoortunity,1
profitabilitasgrowth,1
liquita,1
purnamasari,1
maxii,1
kpeutusan,1
gnakan,1
kepemipinan,1
tranforsional,1
ptmarina,1
stimulant,1
karismatik,1
mohtaufik,1
drhpribanus,1
drsmm,1
formulasi,1
yuliani,1
fanti,1
ariska,1
inerja,1
uumnya,1
indpenden,1
segmen,1
equal,1
liniear,1
journal,1
economics,1
perlahanlahan,1
geser,1
praktis,1
rilis,1
detikcom,1
menetukan,1
interdependent,1
miserablenilai,1
kecukuperatan,1
kusniyah,1
mebagikan,1
muzanni,1
tertahadap,1
otomatis,1
kriterian,1
ike,1
miranti,1
kurriwatispmsi,1
menitikberatkan,1
purprosive,1
maret,1
memakaiuji,1
mutohharoh,1
ulfiyatun,1
bocordll,1
mogokban,1
returns,1
erb,1
ci,1
otopart,1
agro,1
goodyear,1
indika,1
tractors,1
tjiwi,1
rekrutmenpengembangan,1
hening,1
ary,1
pemimbing,1
vairabel,1
habibah,1
hamper,1
mempunyah,1
serviscape,1
lampu,1
nyala,1
rapi,1
mulus,1
patroli,1
anissa,1
robatal,1
kian,1
taufik,1
massita,1
sulaiman,1
profitabilitasdibawah,1
bagaiman,1
langkahlangkah,1
mnghitung,1
inventesmen,1
mutira,1
guji,1
berdasrkan,1
hendra,1
kuswinanrno,1
survai,1
quota,1
bauaran,1
hargapromosi,1
kacamatan,1
diteiliti,1
suhardianto,1
systemabcsuntuk,1
distorsi,1
kalkulasi,1
telusur,1
berdomisiliwarga,1
sembah,1
kominkator,1
simultas,1
sigifikan,1
kosumen,1
ditribusi,1
assocations,1
loyalty,1
madurateknik,1
maduravariabel,1
aduk,1
lembur,1
characteristics,1
usage,1
users,1
consumers,1
systematic,1
debit,1
britama,1
steel,1
user,1
kurniawati,1
memilki,1
kuncikecerdasan,1
subyekti,1
softwere,1
rasional,1
surabayametode,1
deskriftif,1
praktekpaktek,1
abidin,1
syahkesimpulan,1
autoritariansecara,1
laissezfairesecara,1
dikatagorikan,1
conclusion,1
drawing,1
verification,1
omzet,1
periodik,1
retailimg,1
sumbr,1
surabayadibimbing,1
orgnisasional,1
fals,1
menngunakan,1
erangkat,1
minet,1
miant,1
rahbini,1
andal,1
jasaindah,1
evans,1
bangkalannamun,1
dealler,1
kepribadiandan,1
judgmental,1
sertifikasi,1
auliasstsemmt,1
pengembnagan,1
observasional,1
analitik,1
instruktur,1
field,1
pengolaha,1
cranberriess,1
apresisasikan,1
trunjoyo,1
kuantitaif,1
mahasiswasampelpenelitianiniadalahmahasiswaangkatan,1
ikp,1
jelasdetail,1
ter,1
update,1
krs,1
khs,1
transkrip,1
kip,1
kepemimpinanx,1
aththaariq,1
drrm,1
bangakalanvariabel,1
meniliti,1
abtrak,1
ppengaruh,1
approach,1
population,1
entireall,1
doingconducting,1
hence,1
get,1
responder,1
collecting,1
into,1
library,1
mention,1
tied,1
prove,1
consisting,1
or,1
together,1
be,1
concluded,1
both,1
which,1
have,1
tandatanda,1
penetuan,1
use,1
having,1
khasanah,1
whichsuch,1
presatasi,1
diatribusi,1
semanagt,1
lahir,1
peria,1
prihatin,1
etnografis,1
sosialisasi,1
modus,1
operandi,1
sociology,1
teory,1
adnya,1
agustini,1
melakuukan,1
akuisisimelakukan,1
alih,1
assetperusahaan,1
sharekelima,1
pairedsamples,1
bangkalansecara,1
xterhadap,1
also,1
biayabiaya,1
rinci,1
pagarbatu,1
balas,1
wwwrumahmadanicom,1
chatting,1
abthal,1
asyraf,1
agatha,1
adetya,1
id,1
xe,1
konsuman,1
kara,1
nanda,1
adil,1
quantity,1
jasajasanya,1
rangsang,1
putera,1
kompesasi,1
setyo,1
egy,1
afrian,1
rizki,1
bentu,1
menunujukkan,1
sumirah,1
meningkatkanmemuaskan,1
strategistrategi,1
poduk,1
pemebelianj,1
collection,1
periods,1
aktivatms,1
indli,1
roudlotul,1
pintarpintar,1
nikmatul,1
hoiriyah,1
tempatdistribusi,1
asizah,1
reliabiltas,1
pambudise,1
adalahdiskriptif,1
treynordanjensenobjekpenelitianpadapenelitianiniadalah,1
aaaamanahsyariah,1
dandanareksasyariahberimbang,1
menggunakana,1
aaa,1
sbi,1
sulaihah,1
amiruddin,1
hendry,1
bangakalan,1
rase,1
penjulannya,1
tambrinmmdan,1
kuntitatif,1
pertamina,1
tbbm,1
sampangmadura,1
nilam,1
hemastuti,1
pantau,1
pmu,1
tanding,1
olahraga,1
padatdi,1
coefisien,1
balian,1
harismatullah,1
anugerahini,1
perangkap,1
pretasi,1
maharani,1
bidik,1
aisiyah,1
arifatin,1
grantiyono,1
pagar,1
batu,1
adiluhing,1
alatalat,1
faiqotul,1
samsuki,1
muna,1
linieritas,1
anggun,1
febrianto,1
dharmawan,1
marketix,1
hardik,1
keputsan,1
surabayajumlah,1
faqih,1
qoriwildani,1
ratus,1
persen,1
tele,1
maksud,1
analisisa,1
urai,1
bibit,1
instansiinstansi,1
jemur,1
reny,1
nurhalimah,1
sensitivitas,1
kam,1
order,1
kepamilikan,1
sekuritas,1
ujivaliditasuji,1
asum,1
siklasik,1
penjelasany,1
hadiatullah,1
earned,1
fixed,1
lukman,1
waqi,1
mahkmud,1
hendak,1
potofolio,1
regency,1
pleh,1
puncak,1
moment,1
cronbach,1
tail,1
yusri,1
evarika,1
nrp,1
lombangpenelitian,1
sel,1
refti,1
ntuk,1
adalahu,1
lingkungannyadalam,1
pentingperusahaan,1
words,1
porporsional,1
kefektifan,1
kuisoner,1
secaa,1
marianal,1
kuswinarmo,1
popuasi,1
lutfi,1
penggunasecara,1
muazzah,1
dosem,1
decade,1
day,1
week,1
overreactio,1
jelang,1
lebaran,1
deduktif,1
faktafakta,1
teoriteori,1
abnormar,1
menggungguli,1
kpp,1
danbudaya,1
kantorpln,1
agaf,1
padat,1
sita,1
koofisien,1
pelatihanpelatihan,1
outbond,1
berdeda,1
rewardreward,1
zainab,1
turnoverdebt,1
lailia,1
paru,1
pemendagri,1
pergub,1
penggunaaan,1
boros,1
miftah,1
kompetitorkompetitor,1
bimbinga,1
meyebutkan,1
menghasilka,1
cutoff,1
propindo,1
carson,1
anugrahiniirawatimm,1
andrian,1
rancang,1
gerbong,1
ariyati,1
bsm,1
sangsi,1
pahlawan,1
merdeka,1
bioskop,1
wisma,1
bergandaperiode,1
oktober,1
lumpur,1
peneletian,1
gerbang,1
kertasusila,1
univesitas,1
kepercyaan,1
cab,1
hana,1
sunarsih,1
shareinflasi,1
tonjol,1
niloai,1
dang,1
peruasahaan,1
kkamal,1
gandakecerdasan,1
paramidis,1
terdiridarifaktor,1
sebesarapa,1
jibril,1
wahid,1
jabbar,1
applikasi,1
sulton,1
faizal,1
perusaahaan,1
provit,1
hasildari,1
psikologiberpengaruh,1
saifur,1
ageng,1
multifinace,1
keenganan,1
berangan,1
karyawanpegawai,1
organisasiinstansi,1
relationnya,1
sohiburrida,1
dianaisis,1
took,1
akh,1
taufikurrahman,1
fe,1
ilvi,1
keputusa,1
takwa,1
sasana,1
erwin,1
sulistiowarno,1
nofvi,1
lisma,1
agustien,1
gari,1
plazapenelitian,1
rio,1
satrianto,1
madha,1
perokonomian,1
akhirakhir,1
berita,1
punah,1
satwasatwa,1
mkesdan,1
kuantitatifteknik,1
tangibilityberpengaruh,1
perusahaanotomotif,1
parsialvariabel,1
rofikhoh,1
gudange,1
analisisregresi,1
heri,1
kusnadi,1
gdyr,1
nips,1
pras,1
smsm,1
hanifah,1
yunianti,1
kuesionerangket,1
selanjutnyadari,1
tria,1
oktami,1
cabut,1
izin,1
trilyun,1
talang,1
ganti,1
juta,1
diskriminan,1
rika,1
maulidiva,1
purwosari,1
genap,1
menurunya,1
pasuruandapat,1
hidayatul,1
lpin,1
rustam,1
ramadan,1
proposional,1
publicty,1
bahri,1
banyuanyarpamekasan,1
taufiqqi,1
rizkiah,1
kebupaten,1
husen,1
satria,1
multikoloneritas,1
heterodektisitas,1
xiii,1
nasikh,1
holcim,1
prakasa,1
sdmnya,1
transferabilitas,1
dependabilitas,1
konfirmabilitas,1
puspo,1
kudkoperasi,1
rutin,1
dengab,1
alokasi,1
prestya,1
gladisella,1
sigfikan,1
utarad,1
javarespondents,1
respondentsthe,1
indicate,1
impact,1
keywordsemployee,1
lela,1
ningrum,1
nstrumen,1
kholilah,1
mentari,1
karyawansampel,1
jakartac,1
nidya,1
fauziyah,1
esensial,1
tedaftar,1
sekunderteknik,1
apriliyanto,1
ecmakhmud,1
mayorita,1
profitabilits,1
tingka,1
bah,1
interiskotbk,1
are,1
purposes,1
javathe,1
intentionto,1
diantantri,1
fcfpengaruh,1
ldrdebt,1
ratioder,1
rahmatin,1
inayatin,1
stakeholders,1
terkadang,1
stakeholdersnya,1
menunjukkn,1
farhad,1
riza,1
primadi,1
aprril,1
lidya,1
hardini,1
nonparametric,1
nafi,1
aden,1
kiky,1
title,1
isthe,1
retentionand,1
intensitas,1
prabu,1
energitbk,1
berpengaruhtidaklangsung,1
asroril,1
jaza,1
nyegerin,1
nuril,1
mubin,1
faridatus,1
parsil,1
menentuka,1
fauziyyatul,1
iffah,1
karunia,1
triyanto,1
millionaire,1
indoesia,1
eksperimen,1
klan,1
laila,1
pekerjapegawai,1
domiinan,1
hildatul,1
fajaria,1
peningkaktan,1
kinerjakaryawanroom,1
kerjaperawat,1
samplingberdasarkan,1
fato,1
perawatsampel,1
ptmedco,1
internasionaltbk,1
maimunatus,1
aecara,1
carbopoldr,1
kuncin,1
pengaruhpositif,1
karyawanlah,1
susarsono,1
afifatul,1
arifah,1
aplha,1
pyd,1
ozammil,1
fakulas,1
eg,1
students,1
styles,1
bel,1
puspita,1
inventasi,1
diinventasikannya,1
perawatsebagai,1
muslimah,1
ditetapkantujuan,1
alghazali,1
subsistem,1
inayafatul,1
ulfah,1
drdrsecchairul,1
anammkes,1
opersional,1
nonfinancial,1
kodisi,1
mulyana,1
menunjuikkan,1
neagara,1
pere,1
perbankantujuan,1
aosiasi,1
swastahasil,1
rebih,1
swastakesimpulan,1
setandart,1
setadart,1
edo,1
fatwa,1
ptmarinal,1
retni,1
febrisasi,1
andar,1
puspitaningrum,1
muharrom,1
syahril,1
menjelskan,1
rachmad,1
afdorul,1
secar,1
kaayawan,1
arifullah,1
hardy,1
meode,1
haulamuna,1
syaifina,1
yaklut,1
multikolonieroitas,1
yangh,1
yuliansyah,1
pembiayan,1
huatang,1
panjangdalam,1
shield,1
menguntungakan,1
elistiyani,1
bin,1
penelitiansebanyak,1
nonbank,1
belas,1
pegawa,1
berjudulpengaruh,1
outsoucing,1
astina,1
seba,1
derrisiko,1
noer,1
shaula,1
dijelaskanoleh,1
faizah,1
yangdigunakan,1
abstract,1
feryda,1
board,1
under,1
guidance,1
enforced,1
was,1
conducted,1
quantitatively,1
distributing,1
questionnaires,1
technique,1
processed,1
showed,1
shows,1
rest,1
mtambrin,1
absrak,1
subvariabel,1
sukomanunggal,1
koefiien,1
organisas,1
heteroskedastiitas,1
variablevariabel,1
smanika,1
langusng,1
sujarwo,1
multifinance,1
noseojk,1
fitra,1
pranjotose,1
bada,1
stok,1
dfl,1
depeden,1
puspitasari,1
stefan,1
william,1
bnc,1
invesmnet,1
samplingdengan,1
profitabbbilitas,1
listed,1
hildi,1
variabelariabel,1
assessment,1
memilihevent,1
sempel,1
bayak,1
apak,1
siknifikan,1
kepauasn,1
regresik,1
manganalisis,1
siswa,1
profesionalitas,1
perofesionalisme,1
choiroh,1
jannata,1
mahasisiwa,1
niali,1
siska,1
mil,1
wantar,1
strengths,1
weaknesses,1
opportunities,1
threats,1
internalexternal,1
qspm,1
strategic,1
produktifitan,1
febuari,1
dangang,1
oordoo,1
pan,1
sinarmas,1
hafiyatus,1
indri,1
waqiatun,1
moden,1
untu,1
sim,1
asam,1
diharapkann,1
chrismardanissi,1
cukai,1
globalisasi,1
konsekuensi,1
kulitas,1
reliabilias,1
populadi,1
proportionated,1
bergandan,1
nirwan,1
syahri,1
lebar,1
kecimpung,1
matrix,1
plafon,1
daerahkecamatan,1
pembeliandengan,1
merekhal,1
kuncipengaruh,1
rawan,1
areadua,1
sehattiga,1
arealima,1
sehatsatu,1
areaempat,1
adista,1
sharp,1
dohme,1
pharma,1
scpi,1
samsul,1
pracak,1
kunsumen,1
dinamis,1
akhlak,1
mulia,1
penelittian,1
stratayaitu,1
personalitas,1
berpengartuh,1
sampangyaitubahwakeputusan,1
merekmempunyai,1
supermarket,1
danvariabelcitra,1
ekternal,1
sedangratarata,1
maras,1
pilhanan,1
g,1
mojokertopelaksanaan,1
perusahaansesuai,1
rekrut,1
tepattujuan,1
honorer,1
bergandahasilpenelitian,1
bahwafhitung,1
hisbul,1
bahar,1
simultanbersamasama,1
slopekemiringan,1
septian,1
dir,1
kongkrit,1
trebukti,1
simultanmetode,1
pembeliandengannilai,1
pembeliandengannilait,1
linda,1
andika,1
positf,1
spread,1
sendiril,1
dony,1
membandingankan,1
roduk,1
opulasi,1
psikolgi,1
angga,1
luziana,1
prantjoto,1
abdurrochman,1
bidask,1
juwita,1
aversedidapatkan,1
kusuma,1
sulvia,1
sharpetreynor,1
schroder,1
plus,1
manulife,1
jensenpeneliti,1
berikutpada,1
sharpereksa,1
treynorreksa,1
jensenreksa,1
cahyadi,1
ratioldr,1
aru,1
predikisi,1
mestika,1
amaliah,1
garmant,1
drsbambang,1
ebit,1
saksitha,1
ramai,1
minimum,1
munawarah,1
drdrs,1
mengunjugi,1
actdan,1
terkatnya,1
ptcitra,1
dandrs,1
astri,1
drsecmkes,1
magfirah,1
kontinum,1
dokumendokumen,1
nplterhadap,1
objekpenelitianiniadalah,1
denganmenggunakanlaporankeuanganpublikasiperiode,1
eni,1
siswati,1
aningtyas,1
syafiudin,1
nikmatun,1
nisa,1
tstudi,1
samplingsebanyak,1
anni,1
misbahus,1
solehah,1
brsa,1
ltd,1
rentabilitasroe,1
rentabilas,1
evi,1
yarol,1
insa,1
kabupten,1
ftable,1
iqbal,1
zidni,1
drrmmochammad,1
kepeimpinan,1
hafiludin,1
gadingrejo,1
marie,1
azhar,1
akhmad,1
fadjriya,1
kedirihasil,1
rosa,1
nesscafe,1
mps,1
aqnes,1
sakti,1
hamidah,1
mafazatun,1
fihendri,1
pemodasi,1
pfofitabilitas,1
veteran,1
paersial,1
didiuga,1
rizza,1
ariyandi,1
beprestasi,1
makmmur,1
prospect,1
effectall,1
zainuddin,1
sutau,1
indovison,1
kediriapakah,1
woori,1
wardani,1
diproksi,1
alfiyatus,1
tentusaja,1
teoritis,1
masud,1
addaroyni,1
interpesonal,1
gresike,1
hermawati,1
alisul,1
musarofah,1
bankbank,1
signfikan,1
shofa,1
sofia,1
walmarwaanalisis,1
ihss,1
manufakturperhitungan,1
konsisten,1
bksl,1
cnko,1
ikai,1
jprs,1
cnkofpniikaijprs,1
bkslbrptcnkoikaijprspyfasuli,1
tirt,1
kompleks,1
zaini,1
umtuk,1
kalah,1
kohler,1
kurriawati,1
kredibilitascredibility,1
dietahui,1
tebukti,1
priyadi,1
carnplldrnim,1
sulung,1
hidayatur,1
fatah,1
fauzul,1
salam,1
much,1
roziqin,1
segenap,1
afandi,1
pacu,1
periklananpromosi,1
maximal,1
prasetiyo,1
metic,1
laris,1
susul,1
ikaiinpcjprs,1
tirtsaham,1
diterimasedangkan,1
loyal,1
haris,1
dhuha,1
priambodo,1
determinasihasil,1
romlah,1
drecmakhmud,1
initialmpublic,1
assetroa,1
mahaisiwa,1
kurriwatisp,1
berjumalah,1
pengambillan,1
reabilitassedangkan,1
sedaapberdasarkan,1
meknisme,1
antaralain,1
uii,1
intrumen,1
nita,1
yumiarsih,1
renita,1
arum,1
krisvianika,1
univeritas,1
utari,1
kinsistensi,1
aspirasidan,1
ketidakbedaan,1
sekunderdata,1
pranata,1
yahoo,1
bahruddin,1
kemyaoran,1
nol,1
diponegoro,1
prinsipprinsip,1
tuang,1
teladan,1
juliana,1
sdmterhadap,1
luqman,1
kulsum,1
surabayadibawah,1
reparasi,1
pabean,1
cantian,1
erika,1
elva,1
mardiana,1
mimin,1
fathan,1
gumul,1
siswandi,1
kesah,1
cake,1
pastry,1
donuts,1
head,1
office,1
drajat,1
insudtri,1
liliek,1
chusnaeni,1
ijin,1
pirt,1
ku,1
tertib,1
bingung,1
benak,1
sumarwan,1
ilmiah,1
sugiyono,1
rw,1
aqida,1
erlina,1
asetturnovernet,1
averse,1
syaifullah,1
poisitif,1
koefsisen,1
ferry,1
asdp,1
kompakantara,1
miningkatkan,1
organisasiyang,1
relative,1
karekteristik,1
ringanapa,1
samad,1
regresipengaruh,1
dibuktikanpada,1
kinirja,1
karyawansehingga,1
kinerjabegitu,1
alayki,1
uswatul,1
ulya,1
indonesiapadatahun,1
overpricingpada,1
perusahaanunderpricing,1
variabelreputasi,1
prospektus,1
financeuntuk,1
dawam,1
afrizal,1
hak,1
mengetahuibagaimana,1
kacapada,1
martha,1
milika,1
mahardika,1
arih,1
minunman,1
assesment,1
amalia,1
penelitain,1
husnol,1
chotimah,1
mae,1
mse,1
mape,1
mpe,1
sulistiyo,1
rini,1
casr,1
barep,1
affandy,1
investigasi,1
mesti,1
bagianbagian,1
elfira,1
oktaviana,1
listiyah,1
lelly,1
tekhnikpengambilan,1
rejeki,1
debton,1
dersebesar,1
hairus,1
simulta,1
generalibiitas,1
relevansi,1
praktikal,1
bauk,1
kendati,1
objektif,1
patok,1
skp,1
idle,1
pasu,1
rom,1
kittiyeh,1
pelatihanperbaikan,1
bl,1
ulama,1
komariyah,1
nabilla,1
unversitas,1
type,1
hatihubungan,1
sehatiri,1
kondusifseperti,1
karyawancv,1
slamet,1
martodirdjo,1
interveningberdasarkan,1
nilaithitungsebesar,1
thitunguntukvariabelmotivasipegawaisebesar,1
ftabeldantingkatsignifikan,1
hditerimadan,1
hditolak,1
aris,1
rasyidityo,1
munirhad,1
suryo,1
adhim,1
yudi,1
dimensibukti,1
selanjutnyadata,1
denganmenggunakan,1
dimensikehandalan,1
ketidakpuasan,1
servqual,1
abu,1
ddilakukan,1
kinerj,1
ara,1
onevillage,1
coo,1
islamiyah,1
tega,1
ayom,1
komando,1
soekarno,1
hatta,1
bangkalanberdasarkan,1
mafrudhatul,1
fitriyah,1
pamekasansampang,1
fhasil,1
msidan,1
baggian,1
lamonganpenelitian,1
kuesionerpopulasi,1
menggunakanpropotional,1
koefisiien,1
rofii,1
ketelibatan,1
dengtan,1
bahtiar,1
hayati,1
jenisjenis,1
populasinnya,1
effendi,1
keanekaragaman,1
tugasnyasebalik,1
kuantutatif,1
absussalam,1
reliabelitas,1
abalisis,1
ningrat,1
bnk,1
peniliaian,1
kunciloyalitas,1
pembelianstudy,1
latif,1
merkyang,1
dominanuntuk,1
respondensugiono,1
tidakmempunyai,1
hnilai,1
huntuk,1
pembuatx,1
pemakaix,1
pembeliany,1
hasanul,1
mustakim,1
organisasidan,1
bimbinganhelmibuyungauliasstmmtdanfaidalsemm,1
gairah,1
ibnu,1
kcp,1
ideal,1
terhaap,1
originterhadap,1
pengambilanl,1
hendy,1
prasetia,1
dinata,1
produsksi,1
prduksi,1
karyaw,1
tronojoyo,1
aminatuz,1
zulia,1
bejumlah,1
atributatribut,1
netral,1
harapankeinginan,1
tinggidominan,1
kecbabat,1
yamh,1
besardominan,1
danturnover,1
seruruh,1
tinggivariabel,1
tngkat,1
ptladang,1
