Halaman Sumber,Link Keluar
https://its.ac.id,https://www.its.ac.id/
https://its.ac.id,https://www.its.ac.id/admission/
https://its.ac.id,https://www.its.ac.id/current-student/
https://its.ac.id,https://www.its.ac.id/fresher/
https://its.ac.id,https://www.its.ac.id/lecturer-and-staff/
https://its.ac.id,https://www.its.ac.id/parents/
https://its.ac.id,https://www.its.ac.id/alumni/
https://its.ac.id,http://danaabadi.its.ac.id/web/
https://its.ac.id,https://www.youtube.com/user/itseurekatv/live
https://its.ac.id,https://its.ac.id
https://its.ac.id,https://www.its.ac.id/id/beranda/
https://its.ac.id,javascript:;
https://its.ac.id,https://my.its.ac.id/
https://its.ac.id,https://its.ac.id
https://its.ac.id,https://www.its.ac.id/about-its/
https://its.ac.id,https://www.its.ac.id/about-its/facts-and-history/
https://its.ac.id,https://www.its.ac.id/about-its/ranking/
https://its.ac.id,https://www.its.ac.id/about-its/executive-board/
https://its.ac.id,https://www.its.ac.id/about-its/award-for-its/
https://its.ac.id,https://www.its.ac.id/about-its/its-awards/
https://its.ac.id,https://www.its.ac.id/about-its/vision-and-mission/
https://its.ac.id,https://www.its.ac.id/about-its/organization-structure/
https://its.ac.id,https://www.its.ac.id/about-its/offices-in-its/
https://its.ac.id,http://danaabadi.its.ac.id/web/
https://its.ac.id,https://www.its.ac.id/about-its/brand-guidelines/
https://its.ac.id,https://www.its.ac.id/about-its/visit-its/
https://its.ac.id,https://its.ac.id
https://its.ac.id,https://www.its.ac.id/admission/sarjana/
https://its.ac.id,https://www.its.ac.id/admission/pascasarjana/
https://its.ac.id,https://www.its.ac.id/admission/sarjana-terapan/
https://its.ac.id,https://www.its.ac.id/admission/profesi/
https://its.ac.id,https://www.its.ac.id/admission/iup/
https://its.ac.id,https://www.its.ac.id/international/experiencing-its/prospective-student/
https://its.ac.id,https://its.ac.id
https://its.ac.id,https://www.its.ac.id/study-at-its/#field
https://its.ac.id,https://www.its.ac.id/campus-life/explore-its/
https://its.ac.id,https://www.its.ac.id/campus-life/theres-always-something-interesting/
https://its.ac.id,https://www.its.ac.id/study-at-its/study-program/
https://its.ac.id,https://www.its.ac.id/international/
https://its.ac.id,https://its.ac.id
https://its.ac.id,https://www.its.ac.id/research/research-focus/
https://its.ac.id,https://www.its.ac.id/research/our-researcher/
https://its.ac.id,https://www.its.ac.id/research/student-research/
https://its.ac.id,https://www.its.ac.id/research/research-facilities/
https://its.ac.id,https://www.its.ac.id/research/research-publications/
https://its.ac.id,https://www.its.ac.id/research/6613-2/
https://its.ac.id,https://its.ac.id
https://its.ac.id,https://www.its.ac.id/industry/product-innovation/
https://its.ac.id,https://www.its.ac.id/stp/
https://its.ac.id,https://www.its.ac.id/industry/facilities-and-services/
https://its.ac.id,https://www.its.ac.id/industry/workforce-development/
https://its.ac.id,https://its.ac.id
https://its.ac.id,https://www.its.ac.id/initiatives/enhancing-diversity/
https://its.ac.id,https://www.its.ac.id/initiatives/business-entrepreneurship/
https://its.ac.id,https://www.its.ac.id/initiatives/smart-eco-campus/
https://its.ac.id,https://www.its.ac.id/initiatives/collaborative-work/
https://its.ac.id,https://www.its.ac.id/initiatives/sustainability2/
https://its.ac.id,https://its.ac.id
https://its.ac.id,https://www.its.ac.id/public-services/academic-and-student-affairs/
https://its.ac.id,https://www.its.ac.id/public-services/planning-finance-and-infrastructure/
https://its.ac.id,https://www.its.ac.id/public-services/human-resources-organization-and-information-system-technology/
https://its.ac.id,https://www.its.ac.id/public-services/research-innovation-cooperation-and-alumni/
https://its.ac.id,https://www.its.ac.id/public-services/secretary-of-the-institute/
https://its.ac.id,https://www.its.ac.id/public-services/internal-audit/
https://its.ac.id,https://www.its.ac.id/public-services/quality-control/
https://its.ac.id,https://www.its.ac.id/public-services/information-and-complaints/
https://its.ac.id,https://www.its.ac.id/public-services/global-partnerships/
https://its.ac.id,https://www.its.ac.id/news/en/
https://its.ac.id,javascript:;
https://its.ac.id,javascript:;
https://its.ac.id,https://www.its.ac.id/news/2025/09/06/geber-pameran-di-dubai-its-dorong-ekosistem-investasi-startup-indonesia/
https://its.ac.id,https://www.its.ac.id/news/2025/09/01/bravo-spektronics-its-sabet-dua-juara-kompetisi-nasional/
https://its.ac.id,https://www.its.ac.id/news/2025/09/03/robogo-robot-pendeteksi-sumbatan-gorong-gorong-karya-mahasiswa-its/
https://its.ac.id,https://www.its.ac.id/admission/#beasiswa
https://its.ac.id,https://www.its.ac.id/ppid/
https://its.ac.id,https://www.its.ac.id/admission
https://its.ac.id,https://www.its.ac.id/admission/#jalurseleksi
https://its.ac.id,https://www.its.ac.id/admission/snbp/#biaya-pendidikan
https://its.ac.id,http://www.its.ac.id/study-at-its/
https://its.ac.id,https://its.ac.id
https://its.ac.id,javascript:;
https://its.ac.id,javascript:;
https://its.ac.id,http://line.me/R/msg/text/?https://www.its.ac.id/news/en/its-doctors-study-landfill-mining-potential-in-integrated-waste-processing-sites/ - ITS Doctors Study Landfill Mining Potential in Integrated Waste Processing Sites
https://its.ac.id,javascript:;
https://its.ac.id,javascript:;
https://its.ac.id,https://www.its.ac.id/news/en/its-doctors-study-landfill-mining-potential-in-integrated-waste-processing-sites/
https://its.ac.id,https://www.its.ac.id/news/en/its-doctors-study-landfill-mining-potential-in-integrated-waste-processing-sites/
https://its.ac.id,https://youtu.be/pEXGMDW7OEI
https://its.ac.id,https://youtu.be/pEXGMDW7OEI
https://its.ac.id,https://www.its.ac.id/news/en/towards-energy-transition-its-releases-three-ocean-energy-guidelines/
https://its.ac.id,https://www.its.ac.id/news/en/towards-energy-transition-its-releases-three-ocean-energy-guidelines/
https://its.ac.id,https://www.its.ac.id/news/en/its-partners-with-aesi-to-accelerate-solar-energy-technology-development/
https://its.ac.id,https://www.its.ac.id/news/en/its-partners-with-aesi-to-accelerate-solar-energy-technology-development/
https://its.ac.id,https://www.its.ac.id/news
https://its.ac.id,https://www.its.ac.id/id/tentang-its/kantor-its/its-multikampus/its-sukolilo/
https://its.ac.id,https://www.its.ac.id/id/tentang-its/kantor-its/its-multikampus/its-manyar/
https://its.ac.id,https://www.its.ac.id/id/tentang-its/kantor-its/its-multikampus/its-cokroaminoto/
https://its.ac.id,https://its.ac.id
https://its.ac.id,https://www.its.ac.id/ppid/
https://its.ac.id,https://www.its.ac.id/ppid/whistle-blowing-system/
https://its.ac.id,https://www.lapor.go.id
https://its.ac.id,https://www.its.ac.id/ppid/laporan-keuangan/
https://its.ac.id,https://www.kemdikbud.go.id
https://its.ac.id,https://www.its.ac.id/gpr/
https://its.ac.id,https://www.its.ac.id/burb/id/layanan-plt/
https://its.ac.id,https://servicedesk.its.ac.id/
https://its.ac.id,https://www.its.ac.id/id/layanan/
https://its.ac.id,https://www.its.ac.id/agenda/cenim-2025-the-6th-international-conference-on-computer-engineering-network-and-intelligent-multimedia/
https://its.ac.id,https://www.its.ac.id/agenda/departement-of-physics-the-4th-international-symposium-on-physics-and-applications-ispa-2025/
https://its.ac.id,https://www.its.ac.id/agenda/9th-international-conference-on-mathematics-pure-applied-and-computation/
https://its.ac.id,https://www.its.ac.id/agenda/
https://its.ac.id,https://www.youtube.com/user/itseurekatv
https://its.ac.id,https://www.instagram.com/its_campus/
https://its.ac.id,https://id-id.facebook.com/InstitutTeknologiSepuluhNopember/
https://its.ac.id,https://twitter.com/its_campus
https://its.ac.id,https://id.linkedin.com/school/its-campus/
https://its.ac.id,https://lin.ee/fxmXOiU
https://its.ac.id,https://www.tiktok.com/@its_campus
https://its.ac.id,https://scholar.its.ac.id/
https://its.ac.id,https://www.its.ac.id/campus-life/
https://its.ac.id,https://www.its.ac.id/research/
https://its.ac.id,https://www.its.ac.id/industry/
https://its.ac.id,https://www.its.ac.id/initiatives/
https://its.ac.id,https://www.its.ac.id/about-its/
https://its.ac.id,https://www.its.ac.id/en/study-at-its/#field
https://its.ac.id,https://www.its.ac.id/study-at-its/faculties-and-departments/
https://its.ac.id,https://www.its.ac.id/en/study-at-its/#studyprogram
https://its.ac.id,https://www.its.ac.id/en/study-at-its/#international-students
https://its.ac.id,https://www.its.ac.id/campus-life/explore-its/
https://its.ac.id,https://www.its.ac.id/campus-life/student-activities/
https://its.ac.id,https://www.its.ac.id/id/explore-surabaya/
https://its.ac.id,https://www.its.ac.id/research/research-focus/
https://its.ac.id,https://www.its.ac.id/research/student-research/
https://its.ac.id,https://www.its.ac.id/research/research-publications/
https://its.ac.id,https://www.its.ac.id/research/our-researcher/
https://its.ac.id,https://www.its.ac.id/research/research-facilities/
https://its.ac.id,https://www.its.ac.id/research/research-collaborations/
https://its.ac.id,https://www.its.ac.id/industry/science-techno-park/
https://its.ac.id,https://www.its.ac.id/industry/product-innovation/
https://its.ac.id,https://www.its.ac.id/industry/workforce-development/
https://its.ac.id,https://www.its.ac.id/industry/facilities-and-services/
https://its.ac.id,https://www.its.ac.id/initiatives/enhancing-diversity/
https://its.ac.id,https://www.its.ac.id/initiatives/smart-eco-campus/
https://its.ac.id,https://www.its.ac.id/initiatives/business-entrepreneurship/
https://its.ac.id,https://www.its.ac.id/initiatives/collaborative-work/
https://its.ac.id,https://www.its.ac.id/initiatives/sustainability2/
https://its.ac.id,https://www.its.ac.id/id/brief-profile/
https://its.ac.id,https://www.its.ac.id/about-its/offices-in-its/
https://its.ac.id,https://www.its.ac.id/about-its/visit-its/
https://its.ac.id,https://www.its.ac.id/about-its/its-awards/
https://its.ac.id,https://www.its.ac.id/?page_id=11494
https://its.ac.id,https://www.its.ac.id/about-its/executive-board/
https://its.ac.id,https://www.its.ac.id/about-its/vision-and-mission/
https://its.ac.id,https://its.ac.id
