Topic,Count,Name,Representation,Representative_Docs
-1,207,-1_teliti_usaha_pengaruh_putus,"['teliti', 'usaha', 'pengaruh', 'putus', 'variabel', 'uji', 'beli', 'kerja', 'analisis', 'metode']","['lilik nur rahayu n pengaruh struktur modal struktur milik profitabilitas nilai usaha usaha manufaktur sektor industri dasar kimia daftar bei periode bawah bimbing dr chairul anam drs ec mkes echsan gani msi nilai usaha gambar usaha nilai usaha pandang positif calon investor usaha kerja usaha nilai saham teliti tuju analis pengaruh struktur modal struktur milik profitabilitas nilai usaha usaha manufaktur sektor industri dasar kimia daftar bei periode teliti analisis data deskriptif regresi linier ganda alat bantu spss hasil analisis simultan variabel independen pengaruh positif signifikan variabel dependen parsial struktur modal pengaruh signifikan nilai usaha milik manajerial pengaruh signifikan nilai perusahaa milik institusional pengaruh signifikan nilai usaha profitabilitas pengaruh positif signifikan nilai usaha kunci struktur modal struktur milik profitabilitas nilai usaha', 'kholilah pengaruh struktur aktiva tumbuh jual profitabilitas struktur modal usaha manufaktur sub sektor makan minum yan daftar bursa efek indonesia bawah bimbing prasetyo nugroho spi mm echsan gani msi jurus manajemen fakultas ekonomi bisnis universitas trunojoyo madura teliti tuju pengaruh struktur aktiva tumbuh jual profitabilitas struktur modal usaha manufaktur sub sektor makan minum daftar bursa efek indonesia simultan parsial teliti dekat kuantitatif teliti data sekunder sumber data asal lapor uang usaha catat bursa efek indonesia populasi penelitia usaha mana ambil sampel kriteria banyak sampel sesuai kriteria usaha uji instrumen uji asumsi klasik teknik analisis data uji hipotesis analisis regresi linier ganda uji t uji f uji determinasi r hasil teliti tunjuk simultan variabel struktur aktiva tumbuh usaha profitabilitas pengaruh signifikan struktur modal nilai uji f parsial variabel pengaruh signifikan struktur modal profitabilitas nilai uji t pengaruh signifikan struktur modal struktur aktiva nilai uji t tumbuh jual taraf signifikan besar koefisien determinasi r hasil tunjuk variabel dependen variabel independen sisa variabel teliti kunci struktur modal struktur aktiva tumbuh jual profitabilitas', 'pratiwi yulia faridatus saadah pengaruh milik manajerial putus uang nilai usaha usaha otomotif daftar bursa efek indonesia bawah bimbing purnamawati msi prasetyo nugroho spi mm teliti tuju milik manajerial putus investasi putus dana bijak dividen milik pengaruh nilai usaha usaha otomotif daftar bursa efek indonesia simultan parsial teliti metode kuantitatif teknik analisa uji regresi linier ganda dasar metode purposive sampling oleh sampel usaha otomotif daftar bursa efek indonesia dasar hasil teliti nilai koefisien determinasi ganda r r square persentase pengaruh variabel milik manajerial putus investasi putus dana bijak dividen nilai usaha sisa pengaruh variabel teliti teliti dasar hasil uji f variabel milik manajerial putus investasi putus dana bijak dividen pengaruh simultan nilai usaha usaha otomotif daftar bursa efek indonesia parsil variabel variabel pengaruh nilai usaha variabel putus dana variabel milik manajerial putus investasi bijak dividen pengaruh nilai usaha kunci struktur milik putus uang nilai usaha']"
0,266,0_kerja_karyawan_pengaruh_variabel,"['kerja', 'karyawan', 'pengaruh', 'variabel', 'teliti', 'signifikan', 'puas', 'positif', 'nilai', 'hasil']","['rusti diyayanti pengaruh disiplin kerja kerja karyawan puas kerja mediasi studi karyawan pdam bangkal bawah bimbing faidal mm teliti ambil obyek pegawai pdam bangkal metodologi teliti metode kuantitatif analisis jalur metode ambil sampel sample random sampling acak responden karyawan pdam bangkal tuju teliti uji pengaruh disiplin kerja kerja karyawan puas kerja mediasi hasil teliti bukti disiplin kerja pengaruh positif signifikan kerja karyawan nilai thitung ttabel tingkat signifikan disiplin kerja pengaruh positif signifikan puas kerja nilai thitung ttabel tingkat signifikan puas kerja pengaruh positif signifikan kerja karyawan nilai thitung ttabel tingkat signifikan temu pengaruh langsung disiplin kerja x kerja karyawan y pengaruh langsung disiplin kerja x kerja karyawan y puas kerja z mediasi disiplin kerja puas kerja milik pengaruh signifikan kerja karyawan kunci disiplin kerja puas kerja kerja karyawan', 'lingkung kerja stres kerja faktor pengaruh kerja karyawan laksana tugas karyawan alami masalah lingkung kerja pada dampak kerja optimal stres kerja tingkat stres kerja kerja karyawan menuruntujuan teliti lingkung kerja pengaruh positif signifikan kerja karyawan pt garam persero surabaya stres kerja pengaruh negatif signifikan kerja karyawan pt garam persero surabaya lingkung kerja stres kerja pengaruh simultan kerja karyawan pt garam persero surabaya variabel lingkung kerja stres kerja pengaruh dominan kerja karyawan pt garam persero surabaya jenis data teliti kuantitatif populasi teliti karyawan ambil responden sampel dasar metode simple random sampling alat analisis regresi linear ganda hasil hitung teliti parsial lingkung kerja pengaruh positif signifikan kerja karyawan nilai koefisien regresi b milik tingkat signifikan hasil thitung ttabel stres kerja pengaruh negatif signifikan kerja karyawan nilai koefisien regresi b milik tingkat signifikan hasil thitung ttabel simultan lingkung kerja stres kerja bepengaruh kerja karyawan oleh fhitung ftabel tingkat signifikan hasil uji variabel dominan variabel lingkung kerja variabel pengaruh dominan kerja karyawan nilai koefisien beta tinggi banding stres kerja kunci lingkung kerja stres kerja kerja karyawan', 'yusuf afrizal pengaruh komitmen organisasi lingkung kerja puas kerja pegawai pt asdp indonesia ferry persero cabang surabaya bawah bimbing dr rm mochammad wispandono msi dr muhammad alkirom wildan msi tuju teliti menganalisa komitmen organisasi lingkung kerja pengaruh parsial simultan puas kerja teliti metode kuantitatif kumpul data survey sebar kuesioner populasi teliti orang pegawai sampel orang pegawai metode ambil sampel rumus slovin teknik ambil sampel simple random sampling teliti analis uji analisis regresi linier ganda uji instrumen teliti uji asumsi klasik teknik analisis uji hipotesis uji t uji f hasil teliti parsial komitmen organisasi pengaruh positif signifikan puas kerja nilai koefisien b milik nilai signifikansi tingkat signifikan hasil thitung variabel komitmen organisasi ttable simpul variabel komitmen organisasi x pengaruh positif signifikan variabel puas kerja y parsial hasil teliti parsial lingkung kerja pengaruh positif signifikan puas kerja nilai koefsisen b milik nilai signifikan tingkat signifikan hasil thitung variabel lingkung kerja ttabel simpul variabel lingkung kerja x pengaruh positif signifikan variabel puas kerja y parsial bersamasama simultan variabel independen komitmen organisasi lingkung kerja pengaruh poisitif signifikan variabel dependen puas kerja nilai fhitung ftabel tingkat signifikansi dominan komitmen organisasi pengaruh puas kerja lingkung kerja nilai koefisien beta komitmen organisasi nilai koefisien beta lingkung kerja kunci komitmen organisasi lingkung kerja puas kerja']"
1,101,1_motivasi_kerja_karyawan_pengaruh,"['motivasi', 'kerja', 'karyawan', 'pengaruh', 'variabel', 'positif', 'signifikan', 'guru', 'teliti', 'nilai']","['pengaruh mampu kerja motivasi kerja kerja rajin batik camat tanjung bumi kabupaten bangkal bawah bimbing dr muhammad alkirom wildan msi dr raden mas moch wispandonose ms bangkal juli usaha batik tanjung bumi kabupaten bangkal salah usaha batik kenal pulau madura salah bentuk usaha kongkrit dorong tingkat jual tingkat kerja rajin tingkat mampu kerja rajin karyawan kerja mampu kerja tingkat kualitas rajin dorong tingkat jual produk motivasi kerja giat motivasi sumber kuat tenaga usaha capai teliti tuju identifikasi variabel mampu kerja motivasi kerja pengaruh kerja rajin batik parsial simultan dominan teliti metode kuantitatif total populasi total sampel responden metode ambil sampel rumus slovin teknik tari sampel proportionate cluster random sampling teliti analis mengguanakan uji analisis regresi linier ganda uji instrumen teliti uji asumsi klasik teknik analisis uji hipotesis uji f uji t hasil teliti dasar uji t variabel mampu kerja pengaruh positif signifikan kerja rajin hasil t hitung t tabel tingkat signifikasi dasar uji t variabel motivasi kerja pengaruh positif signifikan kerja rajin hasil t hitung t tabel tingkat signifikasi variabel mampu kerja motivasi kerja simultan pengaruh signifikan kerja rajin hasil fhitung ftabel milik tingkat signifikasi variabel motivasi kerja pengaruh dominan kerja rajin variabel mampu mampu kerja nilai koefisien beta motivasi kerja nilai mampu kerja kunci mampu kerja motivasi kerja kerja', 'teliti judul pengaruh lingkung kerja motivasi kerja karyawan pt adiluhung saranasegara indonesia lingkung kerja motivasi faktor pengaruh kerja karyawan laksana tugas lingkung kerja motivasi rendah dampak kerja optimal tuju teliti uji pengaruh lingkung kerja motivasi kerja karyawan teliti dekat kuantitatif responden tentu sampel teliti teknik cluster random sampling dasar hasil analisis dapat lingkung kerja hasil hitung nilai koefisien regresi b milik nilai positif nilai signifikasi hasil thitung ttabel lingkung kerja pengaruh positif signifikan kerja karyawan pt adiluhung motivasi pengaruh positif signifikan kerja karyawan nilai koefisien regresi b milik nilai positif nilai signifikan tingkat signifikan hasil thitung ttabel simultan lingkung kerja motivasi pengaruh positif signifikan kerja karyawan pt adiluhung nilai fhitung ftabel tingkat signifikansi hasil uji variabel dominan variabel lingkung kerja variabel pengaruh dominan kerja karyawan nilai beta nilai beta motivasi kunci lingkung kerja motivasi kerja karyawan', 'karyawan faktor capai tuju usaha tetap salah tuju usaha tingkat produktivitas pengaruh faktor faktor motivasi kerja lingkung kerja disiplin kerja kendala alami pt pos indonesia persero kurang motivasi kerja karyawan lingkung kerja kondusif karyawan patuh standar kerja ditetapkantujuan teliti identifikasi variabel motivasi kerja lingkung kerja disiplin kerja pengaruh produktivitas kerja karyawan pt pos indonesia persero kabupaten bangkal parsial simultan dominan teliti metode table count t t count table kuantitatif total populasi populasi jadi sampel teliti uji analisis regresi linear ganda uji instrument teliti uji asumsi klasik uji hipotesis uji f uji t hasil teliti dasar hasil uji t variabel motivasi kerja pengaruh positif siginifikan produktivitas kerja hasil t hitung t tingkat signifikansi dasar hasil uji t variabel lingkung kerja pengaruh positif signifikan produktivitas kerja karyawan hasil t hitung t tingkat signifikansi dasar hasil uji t variabel disiplin kerja pengaruh positif signifikan produktivitas kerja hasil t tabel hitung t tingkat signifikansi bersamasama simultan variabel motivasi kerja lingkung kerja disiplin kerja pengaruh produktivitas kerja karyawan hasil f tabel f dasar hasil hitung regresi r hubung positif kuat variabel motivasi kerja lingkung kerja disiplin kerja produktivitas kerja karyawan adjusted r square oleh variabel bebas motivasi kerja lingkung kerja disiplin kerja sisa pengaruh variabel teliti teliti variabel disiplin kerja pengaruh dominan produktivitas kerja nilai beta tabel kunci motivasi kerja lingkung kerja produktivitas kerja']"
2,97,2_ratio_equity_return_debt,"['ratio', 'equity', 'return', 'debt', 'to', 'on', 'usaha', 'saham', 'asset', 'earning']","['teliti tuju pengaruh faktor fundamental rasio uang harga saham usaha sektor property real estate daftar bursa efek indonesia variabel variabel teliti earning share eps price earning ratio net profit margin npm return on equity roe current ratio cr debt to equity ratio der data teliti data sekunder data oleh lapor tahun usaha sampel teliti usaha oleh teknik purposive sampling populasi usaha properti real estate daftar bei teknik analisis data analisis regresi ganda hasil teliti parsial earning share price earning ratio net profit margin return on equity pengaruh signifikan harga saham current ratio debt to equity ratio parsial pengaruh signifikan harga saham simultan variabel earning share price earning ratio net profit margin return on equity current ratio debt to equity ratio pengaruh signifikan harga saham eps npm roe cr der variabel harga saham usaha properti real estate daftar bursa efek indonesia sisa pengaruh faktor teliti teliti', 'istighosah pengaruh kerja uang return saham usaha manufaktur subsektor makan minum daftar bursa efek indonesia bei periode bawah bimbing r gatot heru pranjoto semm prasetyo nugroho spimm tuju teliti pengaruh current ratio cr total asset turn over tato debt to equity ratio der net profit margin npm return on asset roa return on equity roe price earnings ratio parsial simultan return saham usaha manufaktur subsektor makan minum daftar bursa efek indonesia periode dekat teliti teliti dekat kuantitatif metode ambil sampel purposive sampling oleh sampel usaha uji instrumen uji asumsi klasik tehnik analisis data hipotesis regresi linear ganda pakai uji t uji f dasar hasil teliti nilai r square besar pengaruh variabel bebas variabel ikat sisa pengaruh variabel teliti teliti dasar uji f variabel current ratio cr total asset turn over tato debt to equity ratio der net profit margin npm return on asset roa return on equity roe price earnings ratio simultan pengaruh signifikan return saham dasar uji t return on equity roe pengaruh parsial return saham kunci current ratio cr total asset turn over tato debt to equity ratio der net profit margin npm return on asset roa return on equity roe price earning ratio return saham', 'tuju teliti pengaruh kerja uang current ratio total asset turnover debt to equity ratio net profit margin return of total asset return on equity price earning ratio parsial simultan return saham usaha otomotif daftar bursa efek indonesia periode dekat teliti teliti dekat kuantitatif populasi teliti usaha ambil sampel teliti purposive sampling usaha jadi sampel uji instrumen uji asumsi klasik tehnik analisis data hipotesis regresi linier ganda pakai uji t uji f hasil teliti nilai koefisien determinasi r besar pengaruh variabel dependen sisa tujuh variabel independen current ratio total asset turn over debt to equity ratio net profit margin return on asset return on equity price earning ratio variabel teliti teliti parsial variabel cr pengaruh signifikan return saham tato pengaruh signifikan return saham der pengaruh signifikan return saham npm pengaruh signifikan return saham roa pengaruh signifikan return saham roe pengaruh signifikan return saham pengaruh signifikan return saham kunci current ratio cr total asset turnover tato debt to equity ratio der net profit margin npm return of total asset roa return on equity roe price earning ratio return saham']"
3,71,3_produk_beli_putus_produktivitas,"['produk', 'beli', 'putus', 'produktivitas', 'kualitas', 'pengaruh', 'variabel', 'uji', 'teliti', 'produksi']","['anik arismah pengaruh citra merek kualitas produk putus beli studi ud sido makmur lamongan skripsi fakultas ekonomi universitas trunojoyo madura dosen bimbing i pribanus wantara dosen bimbing ii nirma kurriwati tuju teliti pengaruh citra merek kualitas produk simultan parsial putus beli produk batik tulis sendang ud sido makmur teliti dekat kuantitatif usaha pengaruhcitra merek kualitas produk terhadapkeputusan beli teknik ambil sampel purposive sampling responden teknik kumpul data wawancara studi pustaka kuesioner skala likert ukur responden uji instrumen uji validitas uji reliabilitas uji asumsi klasik teknik analisis data analisis regresi linier ganda variabel variabel uji f uji t hasil teliti variabel citra merek kualitas produku pengaruh simultan parsial putus beli batik tulis sendang variabel kualitas produk pengaruh dominan putus beli batik tulis sendang kunci citra merek kualitas produk putus beli', 'dewi astina pengaruh kualitas produk inovasi produk harga putus beli batik madura survey dosen karyawan fakultas ekonomi bisnis universitas trunojoyo madura bawah bimbing pribanus wantara mtambrin jurus manajemen fakultas ekonomi bisnis universitas trunojoyo madura kualitas produk inovasi kembang harga saing kunci utama menang saing nilai puas konsumen konsumen ambil putus beli evaluasi kualitas inovasi harga laku produk batik madura variabel kualitas produk inovasi produk harga tuju teliti pengaruh variabel kualitas produk inovasi produk harga parsial simultan variabel dominan pengaruh putus beli batik madura teliti dekat kuantitatif metode ambil sampel purposive sampling sampel responden analisis data teliti regresi linier ganda dasar hasil teliti adjusted r square besar pengaruh variabel bebas variabel ikat sisa pengaruh variabel teliti teliti dasar uji f kualitas produk inovasi produk harga simultan pengaruh signifikan putus beli batik madura dasar uji t parsial variabel kualitas produk harga pengaruh positif signifikan putus beli batik madura inovasi produk pengaruh negatif signifikan variabel ikat variabel pengaruh dominan variabel inovasi produk kunci kualitas produk inovasi produk harga putus beli', 'bernadeta sri wanti manurung pengaruh citra merek kualitas produk harga putus beli produk outdoor merek eiger mahasiswa universitas trunojoyo madura bawah bimbing dr a yahya surya winata msi r gatot heru prajonto mm teliti tuju pengaruh citra merek kualitas produk harga putus beli produk outdoor merek eiger mahasiswa universitas trunojoyo madura sampel teliti orang mahasiswa universitas trunojoyo madura beli produk outdoor eiger teknik ambil sampel metode purposive sampling analisis analisis regresi ganda analisis deskriptif uji t parsial uji f simultan olah data spss teliti gun data primer data sekunder data teliti oleh langsung kuesioner isi mahasiswa universitas trunojoyo madura beli produk eiger pilih responden hasil teliti dasar analisis deskriptif variabel citra merek kualitas produk harga persepsi responden dasar hasil uji t variabel citra merek harga pengaruh signifikan putus beli variabel kualitas produk pengaruh signifikan putus beli dasar uji f citra merek kualitas produk harga pengaruh simultan putus beli kunci citra merek kualitas produk harga putus beli']"
4,47,4_usaha_profitabilitas_rasio_struktur,"['usaha', 'profitabilitas', 'rasio', 'struktur', 'putar', 'modal', 'teliti', 'bursa', 'uang', 'daftar']","['lusiana oktavia pengaruh struktur modal ukur usaha likuiditas putar sedia total asset turnover usaha farmasi daftar bursa efek indonesia periode bimbing r gatot heru pranjoto mm purnamawati semsi jurus manajemen fakultas ekonomi bisnis universitas trunojoyo madura teliti tuju pengaruh struktur modal ukur usaha likuiditas putar sedia total asset turnover usaha farmasi daftar bursa efek indonesia periode parsial simultan banyak sampel sesuai kriteria usaha teliti dekat kuantitatif teliti data sekunder sumber data asal lapor uang usaha bursa efek indonesia teknik ambil sampel purposive sampling metode ambil sampel kriteria analisis data analisis regresi linier ganda uji hipotesis uji t t test uji f f test hasil teliti simultan pengaruh signifikan profitabilitas nilai signifikan parsial variabel pengaruh signifikan profitabilitas ukur usaha likuditas putar sedia pengaruh signifikan profitabilitas struktur modal total asset turnover besar determinasi r hasil variabel dependen variabel independen sisa variabel teliti kunci struktur modal ukur usaha likuditas putar sedia total asset turnover profitabilitas', 'siti faizah pengaruh struktur modal likuiditas tumbuh usaha profitabilitas nilai usaha usaha otomotif daftar bursa efek indonesia bei periode bawah bimbing dr chairul anam drs ec mkes purnamawati msi tuju teliti pengaruh struktur modal der likuiditas cr tumbuh usaha pta profitabilitas roe parsial nilai usaha pbv usaha otomotif daftar bursa efek indonesia bei periode data teliti data sekunder lapor uang usaha otomotif daftar bursa efek indonesia bei periode tehnik ambil sampel metode purposive sampling oleh usaha uji instrumen uji asumsi klasik tehnik analisis data yangdigunakan hipotesis regresi linier ganda uji t dasar hasil teliti variabel struktur modal der pengaruh positif signifikan nilai usaha pbv variabel likuiditas cr pengaruh positif signifikan nilai usaha pbv variabel tumbuh usaha pta pengaruh positif signifikan nilai usaha pbv variabel profitabilitas roe pengaruh positif signifikan nilai usaha pbv kunci struktur modal likuiditas tumbuh usaha profitabilitas', 'kartika dewi pengaruh struktur modal dividen profitabilitas nilai usaha usaha makan minum daftar bursa efek indonesia periode bawah bimbing purnamawatisemsi echsan ganisemsi teliti tuju pengaruh struktur modal dividen profitabilitas nilai usaha usaha makan minum daftar bursa efek indonesia periode parsial simultan populasi teliti usaha makan minum daftar bursa efek indonesia periode usaha sampel teknik purposive sampling sampel usaha makan minum daftar bursa efek indonesia analisis data teliti uji asumsi klasik analisis regresi ganda uji t uji f koefisien determinasi r dasar hasil teliti nilai koefisien determinasi r nilai presentase pengaruh struktur modal dividen profitabilitas nilai usaha sisa pengaruh variabel teliti hasil uji t milik pengaruh nilai usaha dividen profitabilitas hasil uji f variabel struktur modal dividen profitabilitas pengaruh signifikan nilai usaha makan minum daftar bursa efek indonesia periode kunci struktur modal dividen dividend payout rasio profitabilitas return on equity nilai usaha price to book value']"
5,26,5_marketing_unjung_puas_relationship,"['marketing', 'unjung', 'puas', 'relationship', 'experiential', 'experience', 'variabel', 'langgan', 'pengaruh', 'mix']","['devi kamalia pengaruh marketing mix putus beli studi sentra mutira batik pamekasan bawah bimbing mohamad tambrin yustina crismardani tuju teliti variabelvariabel marketing mix liput produk harga promosi distribusi marketing mix produk harga promosi distribusi persepsi konsumen lokasi teliti laksana kabupaten pamekasan konsumen mutiara batik teliti teliti kuantitatif dekat survey sampel konsumen teliti variabel bebas produk harga promosi distribusi variabel ikat putus beli konsumen metode teliti sampel non probability sampling uji instrumen uji validitas realibilitas uji asumsi klasik metode analis data men guji hipotesis regresi linier ganda uji f uji t hasil teliti varabel nilai adjusted r squere angka adjusted r square variasi putus beli variabel independen sama regresi linier ganda sisa variabel luar empat variabel teliti dasar uji f variabel marketing mix produk x harga x promosi x distribusi x simultan pengaruh signifikan putus beli masyarakat kabupaten pamekasan berdasrkan uji t variabel produk x pengaruh putus beli variabel harga x promosi x distribusi x pengaruh putus beli kunci marketing mix putus beli', 'miftahul jannata ros pengaruh experiential marketing puas unjung pantai camplong kabupaten sampang bawah bimbing dr h pribanus wantara drs mm dr ir nurita andriani mm tuju teliti pengaruh experiential marketing puas unjung pantai teliti laksana pantai camplong camat camplong kabupaten sampang teliti metode kumpul data teliti observasi wawancara kuisioner teliti metode studi mana data oleh sebar kuisioner responden data oleh uji validitas uji reliabilitas uji regresi linier ganda uji t uji koefisien determinasi teknik tari sampel teliti non probability sampling analis analisis regresi linier ganda software komputer spss hasil analisis data variabel experiential marketing uji parsial variabel sense feel act relate milik pengaruh signifikan puas unjung wisata pantai camplong kabupaten sampang variabel think pengaruh signifikan puas unjung wisata pantai camplong kabupaten sampang simultan variabel sense feel think act relate bersamasama pengaruh signifikan puas unjung wisata unjung pantai camplong kabupaten sampang kunci experiential marketing puas unjung', 'erwin sulistiowarno analisis experiential marketing puas konsumen taman rekreasi kota kabupaten bangkal bawah bimbing dr a yahya surya winata msi dr h muh syarif drs ec msi teliti tuju pengaruh variabel experiential marketing sense feel think act relate puas konsumen taman rekreasi kota kabupaten bangkal elemen experiential marketing parsial simultan pengaruh puas konsumen taman rekreasi kota kabupaten bangkal teliti metode teliti kuantitatif statistik deskriptif survei wawancara sebar kuisioner responden tekhnik tari sampel teknik purpose sampling analisis regresi linier ganda dasar hasil analisis deskriptif tunjuk experiential marketing masuk katagori nilai puas katagori puas nilai hasil teliti parsial tunjuk variabel bebas sense feel relate pengaruh signifikan puas unjung taman rekreasi kota kabupaten bangkal think act pengaruh signifikan puas konsumen taman rekreasi kota kabupaten bangkal simultan tunjuk pengaruh variabel bebas variabel ikat pengaruh signifikan kunci experiential marketing puas unjung']"
6,24,6_loan_ldr_roa_npl,"['loan', 'ldr', 'roa', 'npl', 'car', 'deposit', 'ratio', 'bopo', 'performing', 'non']","['ismawati analisis pengaruh capital adequacy ratio car non performing loan npl operating expense to operating income bopo net interest margin nim loan to deposit ratio ldr study usaha perban daftar bursa efek indonesia bei periode bawah bimbing purnamawati msi prasetyo nugroho spimm tuju teliti pengaruh capital adequacy ratio car non performing loan npl operating expense to operating income bopo net interest margin nim parsial simultan loan to deposit ratio ldr sektor perban daftar bursa efek indonesia bei periode tingkat sehat bankbank daftar bei dekat teliti teliti deskriptif kuantitatif ambil sampel metode purposive sampling oleh sampel usaha teknik analisis data analisis regresi linier ganda hasil analisis deskriptif bank tingkat kesehatanya bank bank bumn bank tingkat kesehatanya rendah bank bank campur hasil uji t variabel car bopo pengaruh positif signifikan ldr variabel npl pengaruh negatif signifikan ldr variabel nim pengaruh negatif signifikan hasil uji f variabel car npl bopo nim pengaruh signfikan ldr mampu prediksi empat variabel independen ldr tunjuk besar r square sisa variabel lai luar model teliti', 'hafiyatus sholehah pengaruh non performing loan npl loan to deposit ratio ldr capital adequacy ratio car net interest margin nim return on asset roa bank swasta nasional daftar bursa efek indonesia bei periode bawah bimbing drs ec bambang sudarsono mm echsan gani msi tuju teliti pengaruh non performing loan npl loan to deposit ratio ldr capital adequacy ratio car net interest margin nim return on asset roa non performing loan npl loan to deposit ratio ldr capital adequacy ratio car net interest margin nim variabel independen return on asset roa variabel dependen teliti data sekunder data dapat langsung ambil sampel metode purposive sampling sampel penuh kriteria tentu usaha teliti sampel usaha metode regresi linear ganda uji asumsi klasik uji t uji f uji koefisien determinasi hasil analisis oleh parsial non performing loan npl pengaruh signifikan roa loan to deposit ratio ldr capital adequacy ratio car net interest margin nim pengaruh signifikan roa simultan non performing loan npl loan to deposit ratio ldr capital adequacy ratio car net interest margin nim pengaruh signifikan roa kunci non performing loan npl loan to deposit ratio ldr capital adequacy ratio car net interest margin nim return on asset roa', 'nurmayanti pengaruh return on asset non performing loan ukur usaha biaya operasional dapat operasional loan to deposit ratio capital adequacy ratio usaha sektor perban daftar bursa efek indonesia periode bimbing purnamawati semsi tuju teliti pengaruh return on asset non performing loan ukur usaha biaya operasional dapat operasional loan to deposit ratio capital adequacy ratio usaha sektor perban daftar bursa efek indonesia periode teliti dekat kuantitatif ambil sampel metode purposive sampling oleh sampel usaha populasi usaha metode teliti analisis regresi linear ganda uji t uji koefisien determinasi hasil analisis oleh parsial roa ldr pengaruh negatif signifikan car npl bopo pengaruh negatif signifikan car size pengaruh positif signifikan car simultan roa npl size bopo ldr pengaruh signifikan car kunci roa npl size bopo ldr']"
7,22,7_gaya_pimpin_demokratis_karyawan,"['gaya', 'pimpin', 'demokratis', 'karyawan', 'kerja', 'positif', 'kharismatik', 'pengaruh', 'kepala', 'signifikan']","['zuhruf abdur rahman pengaruh gaya pimpin demokratis kharismatik kerja studi kepalakepala desa sekeckadur kabpamekasan bimbing dr muhammad alkirom wildan semsi dra hjsanugrahini irawatimm teliti judul pengaruh gaya pimpin demokratis kharismatik kerja studi kepalakepala desa sekeckadur kabpamekasan tuju teliti gaya pimpin demokratis pengaruh positif signifikan kerja kepala desa camat kadur kabupaten pamekasan gaya pimpin kharismatik pengaruh positif signifikan kerja kepala desa camat kadur kabupaten pamekasan bersamasama gaya pimpin demokratis kharismatik pengaruh positif signifikan kerja kepala desa camat kadur kabupaten pamekasan variabelvariabel mana pengaruh dominan kerja kepala desa camat kadur kabupaten pamekasan parsial simultan variabel dominan teliti metode kuantitatif mana populasi duduk populasi responden sampel responden hasil teliti dasar uji statistik gaya pimpin demokratis kepala desa pengaruh positif signifikan kerja nilai koefisien regresi milik nilai signifikan hasil thitung ttabel temu gaya pimpin kharismatik kepala desa pengaruh positif signifikan kerja nilai koefisien regresi milik nilai signifikan hasil thitung ttabel temu bersamasama simultan gaya pimpin demokratis gaya pimpin kharismatik kepala desa pengaruh positif signifikan kerja nilai fhitung ftabel tingkat signifikan variabel dominan gaya pimpin demokratis pengaruh dominan kerja pimpin kharismatik nilai koefisien beta demokratis banding kharismatik kunci pimpin demokratis kharismatik kerja', 'rifa fitrotunisa pengaruh gaya pimpin demokratis kharismatik kerja studi kepala desa camat labang kabupaten bangkal bawah bimbing dra hj s anugrahini irawati mm faidal mm tuju teliti identifikasi variabel gaya pimpin demokratis kharismatik pengaruh kerja studi kepala desa camat labang kabupaten bangkal parsial simultan variabel yan dominan teliti metode kuantitatif mana populasi masyarakat camat labang jadi sampel responden dasar uji statistik temu gaya pimpin demokratis pengaruh positif signifikasi kerja nilai koefisien regresi b milik nilai signifikan a hasil thitung ttabell temu gaya pimpin kharismatik pengaruh positif signifikan kerja nilai koefisien regresi b milik signifikasi a hasil thitung ttabel temu bersamasama simultan gaya pimpin demokratis kharismatik pengaruh positif signifikan kerja nilai fhitung ftabel tingkat signifikansi variabel dominan gaya pimpin demokratis pengaruh dominan kerja gaya pimpin kharismatik nilai koefisien beta gaya pimpin demokratis nilai koefisien beta gaya pimpin kharismatik kunci gaya pimpin demokratis gaya pimpin kharismatik kerja', 'tuju teliti a variabel gaya pimpin otoriter pengaruh positif signifikan variabel kerja karyawan b variabel gaya pimpin partisipatif pengaruh positif signifikan variabel kerja karyawan c variabel gaya pimpin delegatif pengaruh positif signifikan variabel kerja karyawan d variabel gaya pimpin kharismatik pengaruh positif signifikan variabel kerja karyawan e variabel gaya pimpin demokratik pengaruh positif signifikan variabel kerja karyawan f variabel gaya pimpin otoriter partisipatif delegatif kharismatik demokratik bersamasama pengaruh positif signifikan variabel kerja karyawan g variabel mana pengaruh dominan variabel kerja karyawan responden teliti sampel orang responden metode analisis teliti analisis regresi linier ganda hasil teliti a variabel gaya pimpin otoriter pengaruh positif signifikan variabel kerja karyawan b variabel gaya pimpin partisipatif pengaruh positif signifikan variabel kerja karyawan c variabel gaya pimpin delegatif pengaruh positif signifikan variabel kerja karyawan d variabel gaya pimpin kharismatik pengaruh positif signifikan variabel kerja karyawan e variabel gaya pimpin demokratik pengaruh positif signifikan variabel kerja karyawan e bersamasama simultan variabel independent gaya pimpin otoriter gaya pimpin partisipatif gaya pimpin delegatif gaya pimpin kharismatik gaya pimpin demokratik pengaruh variabel dependen kerja karyawan f variabel gaya pimpin otoriter pengaruh dominan variabel kerja karyawan kunci gaya pimpin otoriter gaya pimpin partisipatif gaya pimpin delegatif gaya pimpin kharismatik gaya pimpin demokratik kerja karyawan']"
8,19,8_tbk_portofolio_pt_optimal,"['tbk', 'portofolio', 'pt', 'optimal', 'saham', 'proporsi', 'dana', 'investasi', 'model', 'risiko']","['putus investasi hubung untung risiko investor rasional investasi dana saham efisien saham return risiko minimal sampel teliti saham aktif dasar frekuensi dagang bagi dividen berturutturut tuju teliti bentuk portofolio optimal beda return risiko saham kandidat non kandidat portofolio hasil teliti saham kandidat portofolio saham teliti nilai cutoffpoint portofolio optimal bentuk saham excess returns to beta erb ci oleh saham masuk hitung portofolio optimal komposisi proporsi dana masingmasing saham pt adaro energy tbk pt gudang garam tbk pt hm sampoerna tbk pt astra otopart tbk pt multi bintang indonesia tbk pt astra agro lestari tbk pt goodyear indonesia tbk pt indika energy tbk pt united tractors tbk pt pabrik kertas tjiwi kimia tbk pt indofood sukses makmur tbk pt astra international tbk pt bank negara indonesia tbk return portofolio risiko portofolio excess return to beta portofolio dasar hasil atas simpul metode indeks tunggal portofolio benarbenar optimal oleh hitung aktiva bebas risiko kunci model indeks tunggal portofolio optimal expected return excess return to beta cutoffpoint', 'sofia wardani analisis banding portofolio optimal dasar model markowitz model sharpe sektor perban bursa efek indonesia bawah bimbing hj evaliati amaniyah msm purnamawati msi investor investasi harap untung maksimal risiko minimal wujud portofolio portofolio optimal tingkat untung optimal risiko investasi minimal tentu portofolio optimal model model markowitz model sharpe tuju teliti komposisi portofolio optimal model markowitz model sharpe banding saham optimal saham usaha sektor perban bursa efek indonesia bei tekhnik ambil sampel metode purposive sampling hasil analisis portofolio optimal dasar model markowitz dasar preferensi risiko investor risk taker risk neutral risk aversedidapatkan usaha masuk bentuk portofolio optimal pt bank mandiri persero tbk pt bank woori saudara indonesia tbk pt bank mestika dharma tbk pt bank nusantara parahyangan tbk pt bank rakyat indonesia persero tbk pt bank tabung negara persero tbk pt bank victoria international tbk pt bank central asia tbk pt bank bukopin tbk pt bank jabar banten tbk hasil analisis portofolio optimal dasar model sharpe dapat usaha masuk portofolio optimal pt bank central asia tbk pt bank mandiri persero tbk pt bank jabar banten tbk pt bank rakyat indonesia persero tbk pt bank nusantara parahyangan tbk pt bank bukopin tbk pt bank tabung negara persero tbk simpul oleh teliti investasi sektor perban investor pilih pt mandiri persero tbk pt bank central asia tbk pt bank jabar banten tbk pt bank nusantara parahyangan tbk pt bank bukopin tbk hitung risiko berbedabeda hasil proporsi positif kunci portofolio optimal model markowitz model sharpe', 'waqiatun analisis portofolio optimal saham lq metode single index moden capital asset pricing model daftar bursa efek indonesia bei bawah bimbing drsec h makhmud zulkifli msi prasetyo nugroho spi mm investasi tanam dana barang harap hasil kemudi giat investasi timbang return harap risiko oleh nilai return risiko analisis return risiko oleh analisis portofolio optimal salah teknik analisis tentu besar return risiko tuju utama teliti untu tentu portofolio optimal single index model capm saham lq daftar bei metode teliti dekat deskriptif analisis single index model capm bentuk portofolio optimal teknik ambil sampel purposive sampling dasar kreteria oleh usaha usaha dasar analisis single index model usaha bentuk portofolio optimal usaha teliti pt waskita karya persero tbk milik risiko usaha pt akr corporindo tbk milik risiko usaha pt pp persero tbk usaha pt uniliever indonesia tbk usaha pt telekomunikasi indonesia persero tbk usaha pt gudang garam tbk usaha pt adhi karya persero tbk usaha pt pakuwon jati tbk usaha pt sumarecon agung tbk usaha wijaya karya persero tbk usaha bank central asia tbk portofolio optimal bentuk metode sim janji tingkat kembali harap erp bulan risiko hadap hasil investasi portofolio optimal p metode capm usaha masuk bentuk portofolio optimal usaha pt waskita karya persero tbk risiko pt pp persero tbk pt pakuwon jati tbk pt adhi karya persero tbk pt sumarecon agung tbk pt telekomunikasi indonesia persero tbk pt gudang garam tbk pt akr corporindo tbk pt wijaya karya persero tbk pt uniliever indonesia pt bumi serpong damai tbk pt bank central asia tbk pt bank rakyat indonesia persero tbk pt tambang batubara bukit asam persero tbk pt lippo karawaci tbk pt media nusantara citra tbk pt bank negara indonesia persero tbk pt astra internasional tbk pt alam sutera realty tbk pt indofood sukses makmur tbk pt adaro karya persero tbk pt kalbe farma tbk pt bank mandiri persero portofolio optimal bentuk metode capm janji tingkat kembali diharapkann erp risiko p e bulan kunci portofolio optimal single index model capm']"
9,17,9_motor_honda_sepeda_merek,"['motor', 'honda', 'sepeda', 'merek', 'yamaha', 'beli', 'putus', 'konsumen', 'produk', 'dealer']","['teliti analis pengaruh kualitas produk citra merek ambil putus beli sepeda motor yamaha cv trisakti motor sampang parsial simultanmetode analisis teliti analisis regresi linier ganda teknik ambil data wawancara sebar kuesioner responden konsumen beli sepeda motor yamaha cv trisakti motor sampang hasil teliti variabel kualitas produk citra merek pengaruh simultan putus pembeliandengannilai f hitung f tabel nilai sig parsial variabel kualitas produk pengaruh signifikanterhadapkeputusan pembeliandengannilait hitung nilai t tabel danvariabelcitra merekmempunyai pengaruh signifikanterhadapkeputusan pembeliandengan nilai t hitung nilai t tabel implikasi analis pengaruh kualitas produk citra merek ambil putus beli sepeda motor yamaha cv trisakti motor sampangyaitubahwakeputusan konsumen beli sepeda motor yamaha pengaruh kualitas produk citra merekhal bukti variabel kualitas produk citra merek pengaruh signifikan dampak positif putus konsumen beli sepeda motor yamaha kuncipengaruh kualitas produk citra merek keputusanpembelian', 'atribut produk pandang gambar produk dealer surya agung motor bangkal salah dealer resmi honda gerak jual sepeda motor perhati perilaku konsumen ambil putus beli atribut produk teori kotler armstrong kualitas produk fitur produk gaya desain produk tuju teliti identifikasi variabelvariabel pengaruh atribut produk putus beli sepeda motor honda supra x parsial simultan teliti metode kuantitatif mana populasi teliti konsumen sepeda motor honda supra x dealer surya agung motor bangkal oleh sampel responden ambil metode purposive sampling sebar kuesioner hipotesis teliti variabelvariabel atribut produk pengaruh putus beli kualitas produk fitur produk gaya desain produk pengaruh signifikan putus beli sepeda motor honda supra x simultan parsial hasil teliti uji f variabel bebas atribut produk kualitas produk fitur produk gaya desain produk pengaruh simultan putus beli sepeda motor honda supra x studi dealer surya agung motor bangkal uji t parsial variabel kualitas produk fitur produk gaya desain produk putus beli sepeda motor honda supra x studi dealer surya agung motor bangkal parsial variabel kualitas produk mempunyah pengaruh dominan putus beli sepeda motor honda supra x studi dealer surya agung motor bangkal kunci atribut produk putus beli', 'budi prasetiyo pengaruh ekuitas merek putus beli sepeda motor merek honda beat studi masyarakat camat lamongan kabupaten lamongan bawah bimbing bambang setiyo pambudi had purnomo tinggi butuh konsumen kendara sepeda motor sebab saing produsen otomotif penuh minta konsumen tuntut laku usaha tingkat produk kompetitif saing produsen otomotif dasar fenomena sepeda motor merek honda beat sepeda motor metic jual laris indonesia tempat jual nomor susul merek saing sepeda motor merek yamaha mio tempat posisi sepeda motor merek honda beat presentase top brand kalah banding merek saing yamaha mio yamaha mio tempat posisi honda beat tempat posisi teliti ambil teliti judul pengaruh ekuitas merek putus beli sepeda motor merek honda beat studi masyarakat camat lamongan kabupaten lamongan tuju teliti pengaruh ekuitas merek putus beli teliti dekat kuantitatif sampel responden teknik ambil sampel teknik purposive sampling uji instrumen uji validitas reliabilitas uji asumsi klasik analisis data analisis regresi linier ganda simpul teliti variabel ekuitas merek pengaruh signifikan putus beli asosiasi merek persepsi kualitas loyalitas merek variabel sadar merek aset merek pengaruh signifakan putus beli variabel ekuitas merek pengaruh dominan putus beli sepeda motor merek honda beat masyarakat camat lamongan kabupaten lamongan loyalitas merek kunci ekuitas merek sadar merek asosiasi merek persepsi kualitas loyalitas merek aset merek putus beli']"
10,16,10_brand_merek_image_handphone,"['brand', 'merek', 'image', 'handphone', 'citra', 'putus', 'nokia', 'smartphone', 'beli', 'branding']","['brand awareness brand image mampu konsumen merek ambil putus beli mana konsumen merek beli citra merek variabel brand awareness brand image tuju penlitian pengaruh brand awareness brand image simultan putus beli studi konsumen es krim walls bangkal variabel brand awareness brand image pengaruh dominan putus beli studi konsumen es krim walls bangkal teliti dekat kuantitatif usaha pengaruh brand awareness brand image putus beli studi konsumen es krim walls bangkal teknik ambil sampel purposive sampling responden olah data teknik kumpul data wawancara pustaka kuesioner skala likert ukur responden uji instrumen uji validitas uji reliabilitas uji asumsi klasik teknik analisis data analisis regresi linier ganda variabel variabel uji f uji t hasil teliti variabel brand awareness brand image pengaruh simultan putus beli studi konsumen es krim walls bangkal brand awareness brand image pengaruh parsial putus beli studi konsumen es krim walls bangkal variabel brand image pengaruh dominan putus beli studi konsumen es krim walls bangkal kunci brand brand awareness brand image purchasing decisions', 'tuju teliti pengaruh citra merek brand image kualitas produk putus beli smartphone xiaomi teliti metode kuantitatif teknik ambil sampel non probability sampling responden mahasiswa universitas trunojoyo madura guna smartphone xiaomi uji instrumen teliti uji validitas uji reliabilitas uji asumsi klasik teknik analisis data analisis regresi linier ganda uji t hasil teliti variabel citra merek brand image kualitas produk pengaruh putus beli smartphone xiaomi kunci citra merek brand image kualitas produk putus beli', 'didik prioritas utama masyarakat usaha wujud proses ajar dinamis aktif modern kembang potensi milik cerdas intelektual kuat spiritual agama kendali pribadi akhlak mulia ketrampilan masyarakat penelittian tuju pengaruh citra merek brand image putus mahasiswa pilih fakultas ekonomi bisnis universitas trunojoyo madura data kumpul mahasiswa aktif fakultas ekonomi bisnis universitas trunojoyo madura angkat responden teliti teknik teliti stratified random sampling teknik kumpul sampel dasar stratayaitu tentu sampel bagi teliti dasar klasifikasi strata dasar hasil teliti bukti variabel independen citra merek brand image identitas merek brand identity personalitas merek brand personality asosiasi merek brand association sikap merek brand attitude manfaat merek brand benefit berpengartuh positif variabel dependent putus mahasiswa koefisien determinasi r oleh putus mahasisiwa variabel citra merek brand image pengaruh variabelariabel teliti teliti kunci citra merek brand image brand identity brand personality aosiasi merek brand association sikap merek brand attitude manfaat merek brand benefit putus mahasiswa pilih fakultas']"
11,16,11_biaya_usaha_laba_bersih,"['biaya', 'usaha', 'laba', 'bersih', 'indonesia', 'bangkrut', 'tbk', 'korelasi', 'bursa', 'efek']","['inayafatul ulfah pengaruh efektivitas modal kerja volume jual biaya operasional laba bersih industri barang konsumsi sub sektor farmasi daftar bursa efek indonesia periode bawah bimbing drdrsecchairul anammkes echsan gani semsi teliti tuju analis pengaruh efektivias modal kerja volume jual biaya operasional laba bersih industri barang konsumsi sub sektor farmasi bursa efek indonesia periode masalah bahas teliti pengaruh parsial efektivias modal kerja volume jual biaya operasional laba bersih industri barang konsumsi sub sektor farmasi bursa efek indonesia periode pengaruh simultan efektivias modal kerja volume jual biaya operasional laba bersih industri barang konsumsi sub sektor farmasi bursa efek indonesia periode populasi teliti industri barang konsumsi sub sektor farmasi periode usaha sampel usaha data data sekunder data lapor uang publikasi bursa efek indonesia analis metode regresi linear ganda laku uji f uji t analisis koefisien determinan hasil olah analisis data uang oleh hasil pengaruh parsial efektivitas modal kerja biaya operasional laba bersih variabel volume jual pengaruh parsial laba bersih pengaruh simultan efektivias modal kerja volume jual biaya operasional laba bersih kunci efektivitas modal kerja volume jual biaya opersional laba bersih', 'fajar sukma utami pengaruh biaya produksi tingkat jual laba kotor usaha rokok daftar bursa efek indonesia periode bawah bimbing echsan gani msi dalam teliti tuju pengaruh biaya bahan baku langsung biaya tenaga kerja langsung biaya overhead pabrik laba kotor usaha rokok daftar bursa efek indonesia periode pengaruh varibelveriabel parsial simultan teliti jenis teliti kuantitatif teknik ambil sampel metode purposive sampling usaha rokok sampel pt handjaya mandala tbk pt gudang garam tbk pengaruh variabel biaya bahan baku langsung biaya tenaga kerja langsung biaya overhead pabrik laba kotor usaha rokok daftar bursa efek indonesia periode metode analisis regresi linier ganda model regresi uji t f pengaruh variabel tersebutberdasarkan uji t oleh simpul variabel biaya tenaga kerja langsung biaya overhead pabrik pengaruh signifikan laba kotor hasil uji f oleh hasil simpul variabel biaya bahan baku langsung biaya tenaga kerja langsung biaya overhead pabrik pengaruh signifikan laba kotor usaha rokok daftar bursa efek indonesia periode kunci biaya bahan baku langsung biaya tenaga kerja langsung biaya overhead pabrik regresi linier ganda', 'indra ruthtyanur santosa pengaruh biaya produksi laba kotor usaha rokok daftar bursa efek indonesia bawah bimbing rgatot heru pranjotosemm hj evaliati amaniyahsemsi teliti tuju pengaruh biaya bahan baku biaya tenaga kerja langsung biaya overhead pabrik laba kotor usaha rokok daftar bursa efek indonesia periode simultan parsial teliti teliti kuantitatif ambil sampel teliti teknik sampling jenuh mana populasi sampel usaha pupulasi sampel usaha rokok uji metode analisis linear ganda hasil teliti variabel biaya bahan baku biaya tenaga kerja langsung biaya overhead pabrik variabel laba kotor sisa variabel teliti teliti dasar uji simultan variabel biaya bahan baku biaya tenaga kerja langsung biaya overhead pabrik pengaruh signifikan laba kotor dasar uji parsial variabel biaya bahan baku pengaruh signifikan laba kotor variabel biaya tenaga kerja langsung pengaruh signifikan laba kotor biaya overhead pabrik pengaruh positif signifikan laba kotor kunci biaya bahan baku biaya overhead pabrik biaya tenaga kerja langsung laba kotor']"
12,15,12_bank_cabang_tabung_kerja,"['bank', 'cabang', 'tabung', 'kerja', 'karyawan', 'nasabah', 'kantor', 'negara', 'variabel', 'puas']","['judul teliti pengaruh bagi kerja mampu karyawan kerja karyawan bank tabung pensiun nasional diri rumus teliti variabel bagi kerja x pengaruh kerja karyawan y bank tabung pensiun nasional cabang kediriapakah variabel mampu karyawan x pengaruh kerja karyawan y bank tabung pensiun nasional cabang diri variabel bagi kerja x mampu karyawan x simultan pengaruh kerja karyawan y bank tabung pensiun nasional cabang diri variabel mana pengaruh signifikan kerja karyawan bank tabung pensiun nasional cabang kedirihasil analisis bahas teliti variabel bagi kerja hasil hitung uji t thitung ttabel nilai signifikan parsial variabel bagi kerja pengaruh positif signifikan variabel kerja karyawan bank tabung pensiun nasional cabang diri variabel mampu karyawan hasil hitung uji t thitung ttabel nilai signifikan parsial variabel mampu karyawan pengaruh positif signifikan kerja karyawan bank tabung pensiun nasional cabang diri hasil hitung spss fhitung ftabel bersamasama simultan variabel independent bagi kerja mampu karyawan pengaruh variabel dependen kerja karyawan bank tabung pensiun nasional cabang diri variabel bagi kerja mampu karyawan nilai beta tinggi variabel bagi kerja variabel bagi kerja pengaruh dominan variabel kerja karyawan bank tabung pensiun nasional cabang diri hasil hitung regresi r hubung positif kuat variabel bagi kerja mampu karyawan kerja bank tabung pensiun nasional cabang diri sisa pengaruh faktorfaktor teliti teliti adjusted r square r oleh kerja karyawan bank tabung pensiun nasional cabang diri variabel bebas bagi kerja mampu karyawan sisa pengaruh variabel teliti teliti kunci bagi kerja mampu karyawan kerja karyawan', 'teliti tuju uji pengaruh dimensi relationship marketing ikat x empati x timbal x percaya x simultan parsial pengaruh puas nasabah bank tabung negara cabang kamal bangkal hipotesis relationship marketing ikat empati timbal percaya simultan parsial pengaruh signifikan puas nasabah bank tabung negara kantor kas kamal bangkal bank tabung negara cabang kamal bangkal objek teliti populasi teliti karyawan universitas trunojoyo madura nasabah bank tabung negara kantor kas kamal bangkal sampel nasabah karyawan universitas trunojoyo madura teknik analisis data uji hipotesis teliti regresi linear ganda uji f uji t hasil hitung spss versi simultas bersamasama uji f dimensi relationship marketing ikat empati timbal pengaruh simultan puas nasabah bank tabung negara cabang kamal bangkal parsial uji t variabel bebas empati timbal pengaruh positif signifikan puas nasabah bank tabung negara kantor kas kamal bangkal bank tabung negara kantor kas kamal bangkal tingkat sembah relationship marketing segi dimensi empati timbal nasabah kunci relationship marketing puas langgan', 'nurhayati pengaruh tingkat didik terampil kerja sikap kerja prestasi kerja karyawan studi pt bank tabung negara persero tbk kantor cabang bangkal bawah bimbing dr hj iriani ismail dra mm dr h m alkirom wildansemsi tuju teliti identifikasi variabel tingkat didik terampil kerja sikap kerja pengaruh prestasi kerja karyawan pt bank tabung ne gara persero tbk kantor cabang bangkal simultan parsial teliti metode kuantitatif mana populasi karyawan pt bank tabung negara persero tbk kantor cabang bangkal teknik ambil sampel sampling jenuh oleh sampel responden hipotesis teliti variabel tingkat didik terampil kerja sikap kerja pengaruh simultan prestasi kerja karyawan pt bank tabung negara persero tbk kantor cabang bangkal variabel tingkat didik pengaruh parsial prestasi kerja karyawan pt bank tabung negara persero tbk kantor cabang bangkal variabel terampil kerja pengaruh parsial prestasi kerja karyawan pt bank tabung negara persero tbk kantor cabang bangkal variabel terampil kerja pengaruh parsial prestasi kerja karyawan pt bank tabung negara persero tbk kantor cabang bangkal hasil teliti uji f simultan simultan variabel independen tingkat didik terampil kerja sikap kerja pengaruh variabel dependen prestasi kerja hipotesis terima hasil uji t parsial bukti individu variabel bebas sberpengaruh positif signifikan prestasi kerja simpul teliti simultan pengaruh signifikan variabel bebas variabel ikat prestasi kerja parsial variabel bebas pengaruh positif signifikan prestasi kerja masingmasing variabel bebas parsial individu pengaruh variabel prestasi kerja kunci tingkat didik terampil kerja sikap kerjadan prestasi kerja']"
13,15,13_bank_mandiri_uang_rasio,"['bank', 'mandiri', 'uang', 'rasio', 'bumn', 'sehat', 'perban', 'bri', 'tbk', 'btn']","['teliti tuju tingkat sehat bank swasta nasional daftar bursa efek indonesia metode rgec risk profile good corporate governance earnings capital periode jenis teliti teliti deskriptif populasi bank swasta nasional metode tentu sampel metode sampling purposive kriteria tetap oleh sampel bank variabel risk profile rasio npl ldr good corporate governance ukur hasil self assessment earnings rasio roa nim capital ukur car hasil teliti nilai tingkat sehat bank metode rgec tingkat sehat bank central asia periode peringkat sehat bank agroniaga bank bukopin bank internasional indonesia bank nusantara parahyangan bank of india bank pan indonesia bank permata bank sinarmas periode peringkat sehat kunci tingkat sehat bank bank swasta nasional metode rgec', 'menganalisa kerja uang bank perintah kerja uang tuju teliti kerja uang bank perintah daftar bursa efek indonesia bei periode dasar metode yield and rate jenis teliti diskriptif objek teliti bank mandiri bank bni bank bri bank btn data informasi tian oleh bursa efek indonesia simpul teliti tinjau rasio yield on investmen kerja uang bank perintah segi break even yields bank mandiri bni bri nilai rasio turun bank btn nilai fluktuasi hasil hitung biaya dana kerja empat bank dasar rasio dana tiga aktiva produktif nilai bank mandiri bank bni bank bri bank btn dasar loan to deposit ratio ldr kerja bank perintah kecuali bank btn sisi margin bunga kerja bank perintah bank bri kerja bank milik kerja bank bri bank bri penuh standard rasio penuh standard rasio break even yield rasio dana tiga aktiva produktif segi profitabilitas bank bri kunci yield and rate bank perintah kerja uang', 'dewi kartini nilai kerja uang rasio capital asset earnings liquidity metode economic value added eva bank bumn daftar bursa efek indonesia bimbing rgatot heru pranjoto mm purnamawati msi tuju teliti ukur kerja uang bank bumn bni bri btn bank mandiri daftar bursa efek indonesia bei rasio capital asset earnings liquidity metode economic value added eva metode teliti teliti metode deskriptif data lapor uang bank bumn publikasi data uang olah hitung metode rasio capital asset earnings liquidity metode economic value added eva simpul teliti rasio capital empat bank bumn bank kerja uang bri kerja uang rendah bank mandiri rasio asset empat bank bumn bank kerja uang bank mandiri kerja uang btn rasio earnings nilai ratarata roa empat bank bumn bank kerja uang bni nilai roa oleh banding bank bank kerja uang rendah btn rasio liquidity empat bank bumn bank kerja uang bri kineja uang btn total standar predikat tingkat sehat bank kerja uang bank predikat sehat bri bni sedangakan kineja uang predikat sehat btn bank mandiri ukur metode eva empat bank bumn bank kerja uang milik nilai ekonomi usaha bri hasil nilai eva positif eva kerja uang milik nilai ekonomi usaha btn hasil nilai eva nila negatif eva kunci kerja uang rasio capital asset earnings liquidity eva']"
14,15,14_corporate_csr_governance_responsibility,"['corporate', 'csr', 'governance', 'responsibility', 'usaha', 'social', 'good', 'komisaris', 'uang', 'dewan']","['megananda tri virgiastutik pengaruh good corporate governance leverage profitabilitas usaha perban daftar bursa efek indonesia bawah bimbing drs ec bambang sudarsono mdan echsan gani msi tuju teliti pengaruh good corporate governance leverage simultan parsial profitabilitas usaha daftar bursa efek indonesia periode dekat teliti teliti kuantitatifmetode purposive sampling oleh sampel perusahaanuntuk uji instrumen uji asumsi klasik teknik analisis data uji hipotesis regresi linier ganda uji f uji t dasar hasil teliti nilai adjusted r square besar pengaruh variabel bebas variabel ikat pengaruh variabel teliti teliti dasar uji f variable good corporate governance leveragesecara simultan signifikan profitabilitas usaha perban parsial variabel signifikan profitabilitas variabel good corporate governance leverage usaha perban kunci dewan komisaris kepemiliksn institusional komite audit leverage profitabilitas roa', 'ananda erlin dwi ariyanti pengaruh kerja uang nilai usaha ungkap corporate social responsibillity csr good corporate governance gcg variabel pemoderasi studi usaha sub sektor konstruksi daftar bei bimbing echsan gani msi nirma kurriwati sp msi teliti variabel independen kerja uang variabel dependen nilai usaha variabel pemoderasi corporate social responsibillity good corporate governance teliti tuju temu bukti empiris pengaruh kerja uang nilai usaha uji ungkap corporate social responsibillity csr memoderasi pengaruh kerja uang nilai usaha uji ungkap good corporate governance gcg memoderasi pengaruh kerja uang nilai usaha jenis teliti teliti teliti kuantitatif metode ambil sampel purposive sampling oleh sampel usaha sub sektor konstruksi bangun daftar bursa efek indonesia bei jenis data data sekunder uji hipotesis uji asumsi klasik uji normalitas uji multikolinearitas uji heteroskedastiisitas uji autokorelasi uji hipotesis teliti analisis analisis regresi linier sederhana uji pengaruh kerja uang nilai usaha uji interaksi moderated regression analysis mra hasil teliti kerja uang pengaruh nilai usaha corporate social responsibility csr good corporate governance gcg memoderasi pengaruh kerja uang nilai usaha', 'dwi puji ningrum analisis pengaruh ukur usaha profitabilitas leverage milik institusional corporate social responsibility csr bawah bimbing dr chairul anam drs ec mkes purnamawati msi tuju teliti pengaruh ukur usaha profitabilitas leverage milik institusional parsial simultan corporate social responsibility csr daftar bursa efek indonesia periode dekat teliti teliti kuantitatif metode ambil sampel purposive sampling oleh sampel usaha uji nstrumen uji asumsi klasik teknik analisis data uji hipotesis regresi linear ganda uji t uji f uji determinasi r dasar hasil teliti r square besar pengaruh variable bebas variable ikat sisa pengaruh variabel teliti teliti dasar uji t parsial variable ukur usaha pengaruh positif signifikan corporate social responsibility csr variable profitabilitas pengaruh positif signifikan corporate social responsibility csr variabel leverage pengaruh positif signifikan corporate social responsibility csr variable milik institusional pengaruh positif signifikan corporate social responsibility csr dasar uji f variable ukur usaha profitabilitas leverage milik institusional pengaruh positif signifikan corporate social responsibility csr kunci ukur usaha profitabilitas leverage milik institusional']"
15,14,15_usaha_estate_real_profitabilitas,"['usaha', 'estate', 'real', 'profitabilitas', 'bijak', 'nilai', 'property', 'dividen', 'efek', 'bursa']","['skripsi susun rahmatin inayatin judul pengaruh price earning ratio struktur modal ukur usaha profitabilitas nilai usaha usaha subsektor otomotif daftar bursa efek indonesia bei periode bimbing drs bambang sudarsono mm r gatot heru pranjoto mm tuju utama usaha maksimal makmur stakeholders capai maksimal nilai usaha terkadang usaha gagal tingkat nilai usaha salah sebab cermat usaha aplikasi faktorfaktor pengaruh nilai usaha kerja usaha pandang buruk stakeholdersnya tuju teliti pengaruh variabel price earning ratio struktur modal ukur usaha profitabilitas nilai usaha diproksikan pbv price book value sampel teliti usaha subsektor otomotif daftar bursa efek indonesia bei periode sampel perusahaandengan metode purposive sampling metode analisis uji asumsi klasik uji hipotesis analisis regresi linier ganda hasil teliti price earning ratio pengaruh positif signifikan nilai usaha struktur modal pengaruh positif signifikan nilai usaha ukur usaha pengaruh negatif signifikan ukur usaha profitabilitas pengaruh positif signifikan nilai usaha simultan variabel independen teliti pengaruh signifikan nilai usaha hasil estimasi regresi menunjukkn mampu prediksi variabel independen nilai usaha sisa pengaruh faktor luar model masuk analisis kunci nilai usaha price earning ratio struktur modal ukur usaha profitabilitas', 'renita arum krisvianika analisis pengaruh struktur modal tumbuh usaha profitabilitas nilai usaha usaha properti real estate daftar bursa efek indonesia bawah bimbing r gatot heru pranjoto mm purnamawati msi tuju teliti pengaruh struktur modal tumbuh usaha profitabilitas parsial simultan nilai usaha sektor properti real estate daftar bursa efek indonesia dekat teliti teliti kuantitatif ambil sampel metode purposive sampling oleh sampel usaha teknik analisis data analisis regresi linier ganda hasil uji t variabel struktur modal der pengaruh positif signifikan nilai usaha pbv variabel tumbuh usaha pta pengaruh negatif signifikan nilai usaha pbv variabel profitabilitas roe pengaruh positif signifikan nilai usaha pbv hasil uji f variabel der pta roe pengaruh signifikan pbv mampu prediksi tiga variabel independen pbv besar r square sisa variabel luar model teliti', 'tuju teliti pengaruh variabel struktur modal bijak dividen tumbuh usaha parsial nilai usaha sub sektor property real estate daftar bursa efek indonesia teliti deskriptif kuantitatif data sekunder oleh bursa efek indonesia bei metode ambil sampel sampling purposive oleh sampel usaha uji instrumen uji asumsi klasik teknik analsis data pakai uji t hasil uji t struktur modal parsial pengaruh signifikan nilai usaha tingkat signifikansi bijak dividen parsial pengaruh signifikan nilai usaha tingkat signifikansi tumbuh usaha parsial pengaruh signifikan nilai usaha tingkat signifikansi variabel bebas faktorfaktor pengaruh nilai usaha profitabilitas ukur usaha kunci struktur modal bijak dividen tumbuh usaha nilai usaha']"
16,14,16_leverage_usaha_ukur_profitabilitas,"['leverage', 'usaha', 'ukur', 'profitabilitas', 'uji', 'manajemen', 'laba', 'teliti', 'daftar', 'bei']","['teliti tuju variabel financial leverage likuiditas tumbuh usaha ukur usaha pengaruh signifikan profitabilitas usaha properti real estate daftar bei periode jenis teliti jenis metode teliti kuantitatif populasi teliti usaha subsektor usaha properti real estate daftar bursa efek indonesia teknik ambil sampel metode purposive sampling teknik analisis data teliti analisis regresi ganda uji asumsi klasik uji hipotesis hasil uji hipotesis financial leverage pengaruh negatif signifikan profitabilitas likuiditas pengaruh negatif signifikan profitabilitas tumbuh usaha pengaruh positif signifikan profitabilitas ukur usaha pengaruh positif signifikan profitabilitas koefisien determinasi teliti profitabilitas pengaruh variabel independen teliti lebih variabel teliti variabel teliti teliti profitabilitas kunci financial leverage likuiditas tumbuh usaha ukur usaha profitabilitas', 'najmuddin najmi pengaruh leverage ukur usaha likuiditas profitabilitas usaha otomotif daftar bursa efek indonesia bei bawah bimbing r gatot heru pranjoto mm triana setiyarini mm tuju teliti pengaruh variabel leverage ukur usaha likuiditas parsial simultan profitabilitas usaha otomotif daftar bursa efek indonesia bei teliti deskriptif kuantitatif data sekunder oleh bursa efek indonesia bei metode ambil sampel sampling purposive oleh sampel usaha usaha uji instrumen uji asumsi klasik teknik analisis data hipotesis regresi linier ganda pakai uji t uji f hasil uji f leverage ukur usaha likuiditas simultan pengaruh profitabilitas usaha otomotif daftar bursa efek indonesia bei tingkat signifikansi hipotesis terima uji t leverage parsial pengaruh signifikan profitabilitas tingkat signifikansi ukur usaha parsial pengaruh signifikan profitabilitas tingkat signifikansi likuiditas parsial pengaruh signifikan profitabilitas tingkat signifikansi hipotesis terima variabel teliti pengaruh profitabilitas usaha otomotif parsial simultan kunci leverage ukur usaha likuiditas profitabilitas', 'ika fitriah pengaruh leverage likuiditas ukur usaha nilai usaha usaha otomotif daftar bursa efek indonesia bei periode bawah bimbing drs ec makhmud zulkifli msi prasetyo nugroho spi mm tuju teliti analis pengaruh leverage likuiditas ukur usaha nilai usaha data teliti oleh lapor uang usaha otomotif daftar bursa efek indonesia bei periode teliti dekat kuantitatif data sekunder purposive sampling oleh sampel usaha populasi usaha metode analisis uji asumsi klasik analisis regresi linier ganda uji f uji t uji koefisien determinasi hasil teliti parsial leverage pengaruh negatif signifikan nilai usaha nilai signifikan likuiditas pengaruh positif signifikan nilai usaha nilai signifikan ukur usaha pengaruh positif signifikan nilai usaha nilai signifikan simultan tiga variabel bebas leverage likuiditas ukur usaha pengaruh signifikan nilai usaha nilai signifikan usaha otomotif kunci leverage likuiditas ukur usaha nilai usaha']"
17,12,17_job_intention_turnover_insecurity,"['job', 'intention', 'turnover', 'insecurity', 'puas', 'the', 'employee', 'satisfaction', 'performance', 'effect']","['the title of this research isthe effect of employee retentionand turnover intentionto performance through employee job satisfaction in kospin services branch of east javathe purposes of this study are employee retention test whether variables affect the performance of employees at kospin services branch of east java to determine whether the variable turnover intention influence on the performance of employees at kospin services branch of east java to determine whether job satisfaction variables affect the performance of employees at kospin services branch of east java to determine whether a variable employee retention effect on job satisfaction in kospin services branch of east java to determine whether the variable turnover intention effect on job satisfaction to determine whether a variable employee retention mediating influence on employee performance through job satisfaction in kospin services branch of east java to determine whether the variable turnover intention mediating influence on employee performance through job satisfaction in kospin services branch of east javarespondents in this research used a sample of respondentsthe method used in this research is multiple linear regression analysis and path analysis using this method the results indicate that partially employee retention variable has positive and significant effect on employee performance variables partially turnover intention variable has positive and significant effect on employee performance variables partially job satisfaction variables has positive and significant effect on employee performance variables partially employee retention variable has positive and significant effect on job satisfaction variables partially turnover intention variable has positive and significant impact on job satisfaction variables variable employee retention can directly affect the performance of the employee and the indirect effect through job satisfaction turnover intention variables can directly affect the performance of the employee and the indirect effect through job satisfaction keywordsemployee retention turnover intention job satisfaction and performance', 'teliti judul pengaruh job insecurity turnover intention puas kerja variabel intervening studi karyawan organik pt karya manunggal jati sidoarjo tuju teliti analis job insecurity pengaruh positif signifikan turnover intention analis job insecurity pengaruh positif signifikan puas kerja analis puas kerja pengaruh positif signifikan turnover intention analis job insecurity pengaruh positif signifikan turnover intention puas kerja variabel intervening teliti metode kuantitatif populasi karyawan organik pt karya manunggal jati sidoarjo karywan sampel karyawan teknik ambil sampel simple random sampling hipotesis teliti job insecurity pengaruh positif signifikan turnover intention job insecurity pengaruh positif signifikan puas kerja puas kerja pengaruh positif signifikan turnover intention job insecurity pengaruh positif signifikan turnover intention puas kerja variabel intervening dasar hasil analisis jalur job insecurity pengaruh positif signifikan turnover intention nilai pengaruh job insecurity pengaruh positif signifikan puas kerja nilai pengaruh puas kerja pengaruh positif signifikan turnover intention nilai pengaruh job insecurity pengaruh positif signifikan turnover intention puas kerjansebagai variabel intervening nilai pengaruh', 'tuju teliti analis job insecurity pengaruh positif signifikan puas kerja analis job insecurity pengaruh positif signifikan turnover intention analis puas kerja pengaruh positif signifikan turnover intention analis job insecurity pengaruh positif signifikan turnover intention puas kerja variabel intervening teliti metode kuantitatif populasi karyawan organik pt pal indonesia karyawan sampel karyawan teknik ambil sampel simple purposive sampling hipotesis teliti job insecurity pengaruh positif signifikan puas kerja job insecurity pengaruh positif signifikan turnover intention puas kerja pengaruh positif signifikan turnover intention job insecurity pengaruh positif signifikan turnover intention puas kerja variabel intervening dasar hasil analisis jalur job insecurity pengaruh positif signifikan puas kerja nilai pengaruh job insecurity pengaruh positif signifikan turnover intention nilai pengaruh puas kerja pengaruh positif signifikan turnover intention nilai pengaruh job insecurity pengaruh positif signifikan turnover intention puas kerja variabel intervening nilai pengaruh kunci job insecurity puas kerja turnover intention']"
18,12,18_split_stock_saham_volume,"['split', 'stock', 'saham', 'volume', 'dagang', 'beda', 'go', 'public', 'usaha', 'return']","['uswatun hasanah analisis beda volume dagang saham abnormal return saham capital gain stock split pecah saham usaha go public daftar bei periode bawah bimbing dr chairul anam drs ec mkes echsan gani m si tuju teliti oleh bukti empiris beda volume dagang saham abnormal return saham capital gain stock split usaha go public daftar bursa efek indonesia bei populasi teliti usaha go public daftar bursa efek indonesia stock split teknik ambil sampel metode purposive sampling sampel usaha analis uji paired sample ttest event periode stock split stock split teliti data sekunderdata teliti data usaha go public stock split bei data tanggal pecah saham data capital gain bei data volume dagang saham bei data abnormal return saham bursa efek indonesia hasil teliti beda signifikan volume dagang saham stock split beda signifikan capital gain stock split beda signifikan abnormal return saham stock split kunci stock split volume dagang saham capital gain abnormal return saham', 'mukhlis analisis banding volume dagang saham harga saham stock split usaha manufaktur daftar bursa efek indonesia periode bimbing drs ec h makhmud zulkifli msi prasetyo nugroho spi mm tuju teliti oleh bukti empiris beda volume dagang saham harga saham peristiwa stock split usaha manufaktur daftar bursa efek indoenesia periode populasi teliti usaha manufaktur daftar bursa efek indonesia bijak stock split periode teknik ambil sampel metode purposive sampling sampel usaha metode analisis data uji paired sample ttest event study kerja stock split kerja stock split hasil teliti beda signifikan volume dagang saham stock split beda signifikan harga saham stock split usaha manufaktur daftar bursa efek indonesia periode kunci stock split volume dagang saham harga saham', 'kusniyah analisis volume dagang saham return saham stock split usaha go public bursa efek indonesia bawah bimbing hj evaliati amaniyah msm prasetyo nugroho spi mm naik harga saham sebab minta beli saham alami turun sebab harga saham usaha statis fluktuatif hindar muncul kondisi salah langkah ambil usaha stock split harap tingkat likuiditas saham tuju teliti tuju oleh bukti empiris aktifitas stock split beda volume dagang saham oleh bukti empiris aktifitas stock split beda return saham dekat teliti teliti dekat kuantitatif populasi teliti usaha go public bursa efek indonesia aktifitas stock split teknik ambil sampel metode purposive sampling sampel usaha analis uji t paired sample simpul teliti beda volume dagang saham stock split usaha sampel beda volume dagang saham stock split usaha sampel beda return saham stock split usaha sampel beda return saham stock split usaha sampel kunci stock split volume dagang saham return saham']"
