Halaman Sumber,Link Keluar (Internal)
https://its.ac.id,https://www.its.ac.id/
https://its.ac.id,https://www.its.ac.id/admission/
https://its.ac.id,https://www.its.ac.id/current-student/
https://its.ac.id,https://www.its.ac.id/fresher/
https://its.ac.id,https://www.its.ac.id/lecturer-and-staff/
https://its.ac.id,https://www.its.ac.id/parents/
https://its.ac.id,https://www.its.ac.id/alumni/
https://its.ac.id,https://www.its.ac.id/id/beranda/
https://its.ac.id,https://my.its.ac.id/
https://its.ac.id,https://www.its.ac.id/about-its/
https://its.ac.id,https://www.its.ac.id/about-its/facts-and-history/
https://its.ac.id,https://www.its.ac.id/about-its/ranking/
https://its.ac.id,https://www.its.ac.id/about-its/executive-board/
https://its.ac.id,https://www.its.ac.id/about-its/award-for-its/
https://its.ac.id,https://www.its.ac.id/about-its/its-awards/
https://its.ac.id,https://www.its.ac.id/about-its/vision-and-mission/
https://its.ac.id,https://www.its.ac.id/about-its/organization-structure/
https://its.ac.id,https://www.its.ac.id/about-its/offices-in-its/
https://its.ac.id,http://danaabadi.its.ac.id/
https://its.ac.id,https://www.its.ac.id/about-its/brand-guidelines/
https://its.ac.id,https://www.its.ac.id/about-its/visit-its/
https://its.ac.id,https://www.its.ac.id/admission/sarjana/
https://its.ac.id,https://www.its.ac.id/admission/pascasarjana/
https://its.ac.id,https://www.its.ac.id/admission/sarjana-terapan/
https://its.ac.id,https://www.its.ac.id/admission/profesi/
https://its.ac.id,https://www.its.ac.id/admission/iup/
https://its.ac.id,https://www.its.ac.id/international/experiencing-its/prospective-student/
https://its.ac.id,https://www.its.ac.id/study-at-its/#field
https://its.ac.id,https://www.its.ac.id/campus-life/explore-its/
https://its.ac.id,https://www.its.ac.id/campus-life/theres-always-something-interesting/
https://its.ac.id,https://www.its.ac.id/study-at-its/study-program/
https://its.ac.id,https://www.its.ac.id/international/
https://its.ac.id,https://www.its.ac.id/research/research-focus/
https://its.ac.id,https://www.its.ac.id/research/our-researcher/
https://its.ac.id,https://www.its.ac.id/research/student-research/
https://its.ac.id,https://www.its.ac.id/research/research-facilities/
https://its.ac.id,https://www.its.ac.id/research/research-publications/
https://its.ac.id,https://www.its.ac.id/research/6613-2/
https://its.ac.id,https://www.its.ac.id/industry/product-innovation/
https://its.ac.id,https://www.its.ac.id/stp/
https://its.ac.id,https://www.its.ac.id/industry/facilities-and-services/
https://its.ac.id,https://www.its.ac.id/industry/workforce-development/
https://its.ac.id,https://www.its.ac.id/initiatives/enhancing-diversity/
https://its.ac.id,https://www.its.ac.id/initiatives/business-entrepreneurship/
https://its.ac.id,https://www.its.ac.id/initiatives/smart-eco-campus/
https://its.ac.id,https://www.its.ac.id/initiatives/collaborative-work/
https://its.ac.id,https://www.its.ac.id/initiatives/sustainability2/
https://its.ac.id,https://www.its.ac.id/public-services/academic-and-student-affairs/
https://its.ac.id,https://www.its.ac.id/public-services/planning-finance-and-infrastructure/
https://its.ac.id,https://www.its.ac.id/public-services/human-resources-organization-and-information-system-technology/
https://its.ac.id,https://www.its.ac.id/public-services/research-innovation-cooperation-and-alumni/
https://its.ac.id,https://www.its.ac.id/public-services/secretary-of-the-institute/
https://its.ac.id,https://www.its.ac.id/public-services/internal-audit/
https://its.ac.id,https://www.its.ac.id/public-services/quality-control/
https://its.ac.id,https://www.its.ac.id/public-services/information-and-complaints/
https://its.ac.id,https://www.its.ac.id/public-services/global-partnerships/
https://its.ac.id,https://www.its.ac.id/news/en/
https://its.ac.id,https://www.its.ac.id/news/2025/10/28/its-berjaya-raih-tiga-prestasi-gemilang-di-pkm-award-2025/
https://its.ac.id,https://www.its.ac.id/news/2025/10/27/hebat-tim-nogogeni-its-borong-dua-gelar-juara-di-kmhe-2025/
https://its.ac.id,https://www.its.ac.id/news/2025/10/30/its-kembangkan-paving-anti-banjir-sebuah-solusi-ramah-lingkungan/
https://its.ac.id,https://www.its.ac.id/admission/#beasiswa
https://its.ac.id,https://www.its.ac.id/ppid/
https://its.ac.id,https://www.its.ac.id/admission
https://its.ac.id,https://www.its.ac.id/admission/#jalurseleksi
https://its.ac.id,https://www.its.ac.id/admission/snbp/#biaya-pendidikan
https://its.ac.id,http://www.its.ac.id/study-at-its/
https://its.ac.id,https://www.its.ac.id/news/en/its-strengthens-global-reputation-through-strategic-collaborations-in-singapore-and-batam/
https://its.ac.id,https://www.its.ac.id/news/en/its-strengthens-global-reputation-through-strategic-collaborations-in-singapore-and-batam/
https://its.ac.id,https://www.its.ac.id/news/en/trace-the-2nd-chancellor-of-its-interpret-history-to-realize-noble-dreams/
https://its.ac.id,https://www.its.ac.id/news/en/trace-the-2nd-chancellor-of-its-interpret-history-to-realize-noble-dreams/
https://its.ac.id,https://www.its.ac.id/news/en/its-wins-three-brilliant-achievements-at-the-2025-pkm-awards/
https://its.ac.id,https://www.its.ac.id/news/en/its-wins-three-brilliant-achievements-at-the-2025-pkm-awards/
https://its.ac.id,https://www.its.ac.id/news
https://its.ac.id,https://www.its.ac.id/id/tentang-its/kantor-its/its-multikampus/its-sukolilo/
https://its.ac.id,https://www.its.ac.id/id/tentang-its/kantor-its/its-multikampus/its-manyar/
https://its.ac.id,https://www.its.ac.id/id/tentang-its/kantor-its/its-multikampus/its-cokroaminoto/
https://its.ac.id,https://its.ac.id
https://its.ac.id,https://www.its.ac.id/ppid/
https://its.ac.id,https://www.its.ac.id/ppid/whistle-blowing-system/
https://its.ac.id,https://www.its.ac.id/ppid/laporan-keuangan/
https://its.ac.id,https://www.its.ac.id/gpr/
https://its.ac.id,https://www.its.ac.id/burb/id/layanan-plt/
https://its.ac.id,https://servicedesk.its.ac.id/
https://its.ac.id,https://www.its.ac.id/id/layanan/
https://its.ac.id,https://www.its.ac.id/agenda/cenim-2025-the-6th-international-conference-on-computer-engineering-network-and-intelligent-multimedia/
https://its.ac.id,https://www.its.ac.id/agenda/general-lecture-indonesias-mining-transformation-integration-of-technology-safety-and-sustainability/
https://its.ac.id,https://its.ac.id/reuni.alumniits.com
https://its.ac.id,https://www.its.ac.id/agenda/
https://its.ac.id,https://scholar.its.ac.id/
https://its.ac.id,https://www.its.ac.id/campus-life/
https://its.ac.id,https://www.its.ac.id/research/
https://its.ac.id,https://www.its.ac.id/industry/
https://its.ac.id,https://www.its.ac.id/initiatives/
https://its.ac.id,https://www.its.ac.id/about-its/
https://its.ac.id,https://www.its.ac.id/en/study-at-its/#field
https://its.ac.id,https://www.its.ac.id/study-at-its/faculties-and-departments/
https://its.ac.id,https://www.its.ac.id/en/study-at-its/#studyprogram
https://its.ac.id,https://www.its.ac.id/en/study-at-its/#international-students
https://its.ac.id,https://www.its.ac.id/campus-life/explore-its/
https://its.ac.id,https://www.its.ac.id/campus-life/student-activities/
https://its.ac.id,https://www.its.ac.id/id/explore-surabaya/
https://its.ac.id,https://www.its.ac.id/research/research-focus/
https://its.ac.id,https://www.its.ac.id/research/student-research/
https://its.ac.id,https://www.its.ac.id/research/research-publications/
https://its.ac.id,https://www.its.ac.id/research/our-researcher/
https://its.ac.id,https://www.its.ac.id/research/research-facilities/
https://its.ac.id,https://www.its.ac.id/research/research-collaborations/
https://its.ac.id,https://www.its.ac.id/industry/science-techno-park/
https://its.ac.id,https://www.its.ac.id/industry/product-innovation/
https://its.ac.id,https://www.its.ac.id/industry/workforce-development/
https://its.ac.id,https://www.its.ac.id/industry/facilities-and-services/
https://its.ac.id,https://www.its.ac.id/initiatives/enhancing-diversity/
https://its.ac.id,https://www.its.ac.id/initiatives/smart-eco-campus/
https://its.ac.id,https://www.its.ac.id/initiatives/business-entrepreneurship/
https://its.ac.id,https://www.its.ac.id/initiatives/collaborative-work/
https://its.ac.id,https://www.its.ac.id/initiatives/sustainability2/
https://its.ac.id,https://www.its.ac.id/id/brief-profile/
https://its.ac.id,https://www.its.ac.id/about-its/offices-in-its/
https://its.ac.id,https://www.its.ac.id/about-its/visit-its/
https://its.ac.id,https://www.its.ac.id/about-its/its-awards/
https://its.ac.id,https://www.its.ac.id/?page_id=11494
https://its.ac.id,https://www.its.ac.id/about-its/executive-board/
https://its.ac.id,https://www.its.ac.id/about-its/vision-and-mission/
