penulis,judul,pembimbing_pertama,pembimbing_kedua,abstrak,abstrak_inggris
A.Ubaidillah S.Kom,"PERANCANGAN DAN IMPLEMENTASI SISTEM DATABASE 
TERDISTRIBUSI MENGGUNAKAN ORACLE STUDI KASUS 
SIAKAD UNIVERSITAS TRUNOJOYO",Budi Setyono M.T,Hermawan S.T,"Sistem  informasi  akademik  (SIAKAD) merupakan  sistem  informasi  yang  berfungsi  menangani pengelolaan  dan  penyajian  data-data  akademik,  yang  oleh pihak  fakultas  SIAKAD  dianggap  sangat  penting  dalam memberikan  pelayanan  mahasiswa  yang  membutuhkan informasi akademik. Di Universitas Trunojoyo telah tersedia SIAKAD,  namun  masih  menggunakan  database  terpusat. Sistem seperti ini memberikan kelebihan yaitu perawatannya mudah  selain  itu  juga  membutuhkan  sedikit  biaya,  namun sistem  tersebut  juga  berpotensi  mengahadapi  kendala-kendala  yaitu  dalam  proses  transaksi  data  karena  padatnya jaringan yang menuju database SIAKAD, kelambatan dalam pemrosesan  respon  query  dikarenakan  data  yang  tersimpan semakin besar dan pemrosesan semakin kompleks, dan  juga memiliki kelemahan dalam hal ketersediaan data. Untuk  itu sistem  seperti  ini  memerlukan  pengembangan  sistem database  yang  lebih  baik  dengan  menggunakan  sistem databases  terdistribusi  pada  masing-masing  fakultas  yang dapat  dijadikan  solusi  bagi  permasalahan  di  atas.  Karena dalam basisdata terdistribusi terdapat keuntungan yang tidak dimiliki oleh basisdata  terpusat yaitu pengawasan distribusi, reability,  availability,  kecepatan  dalam  pemrosesan  query dan otonomi local","Academic information systems (SIAKAD) is an information system that functions to handle the management and presentation of academic data, which by the faculty SIAKAD considered very important in providing students who need academic information. At the  SIAKAD of Trunojoyo University available, but still uses a centralized database. Such systems provide the advantage of easy maintenance but it also requires a small fee, but the system also has the potential to confront the obstacles in the process of transaction data due to network congestion SIAKAD database, delays in processing the query response since the larger the stored data and processing increasingly complex, and also has a disadvantage in terms of data availability. For that such systems require the development of a better database system using a system of distributed databases in each faculty that can be used as a solution to the problems above. Because there are advantages in a distributed database that is not owned by a centralized database that is surveillance of distribution, reability, availability, speed query processing and local autonomy"
"M. Basith Ardianto,",APLIKASI KONTROL DAN MONITORING JARINGAN KOMPUTER BERBASIS MOBILE,"Drs. Budi Soesilo, MT","Koko Joni, ST","Berjalannya koneksi jaringan komputer dengan lancar dan tanpa gangguan merupakan harapan seluruh penggunanya,
terutama pihak yang bertanggung jawab pada bidang itu, yakni administrator jaringan. Namun tidak selamanya koneksi
jaringan dapat berjalan dengan lancar tanpa adanya gangguan. Kenyataan di lapangan terutama pada jaringan komputer skala
besar, berpotensi besar terjadi gangguan atau bahkan kerusakan koneksi jaringan komputer.
Hal ini rata - rata disebabkan banyaknya penggunaan serta padatnya traffic data dalam jaringan komputer itu sendiri.
Oleh karena itu untuk menjaga bahkan meningkatkan kualitas layanan koneksi jaringan maka diperlukan adanya akses kontrol
dan monitoring pada level administrator jaringan secara real-time berbasis mobile, yang dapat mengatur dan mengetahui
informasi tentang koneksi jaringan dan dapat diakses setiap saat.
Pihak administrator jaringan dituntut untuk terlebih dahulu mengetahui adanya gangguan atau bahkan terputusnya
koneksi jaringan walaupun administrator tidak berada di tempat kontrol dan monitoring, Dengan adanya sistem kontrol dan
monitoring berbasis mobile, diharapkan dapat membantu tugas administrator dalam mengontrol dan memantau jaringan serta
dalam mengambil kebijakan atas node – node yang terkoneksi pada jaringan yakni memanajemen koneksi, port dan bandwidth
setiap saat dan secara mobile. agar dengan segera dapat melakukan pembenahan ketika terjadi gangguan jaringan sebelum
pemakai jaringan (klien) melakukan pengaduan atas adanya gangguan.
Kata Kunci : Administrator Jaringan, Koneksi Jaringan, Akses Kontrol dan Monitoring.",-
"Akhmad Suyandi, S.Kom","RANCANG BANGUN APLIKASI PROXY SERVER UNTUK
ENKRIPSI KODE HTML MENGGUNAKAN
ALGORITMA BLOWFISH","Drs. Budi Soesilo, M.T","Hermawan, ST, MT","Web server adalah sebuah perangkat lunak server yang berfungsi
menerima permintaan HTTP atau HTTPS dari web client dan
mengirimkan jawaban dalam bentuk halaman-halaman web yang
umumnya berbentuk dokumen HTML. Dokumen HTML yang dikirim
merupakan dokumen yang dibentuk dari bahasa markup yang plaintext.
Artinya, dokumen berisi kode-kode HTML murni tanpa proses enkripsi.
Tujuan dari penelitan ini adalah membuat sebuah aplikasi proxy
server yang menerima permintaan HTTP dari web client dan
meneruskannya ke web server. Kemudian aplikasi ini akan menerima
respon dari server dan melakukan proses enkripsi pada dokumen HTML
terlebih dahulu. Sehingga dokumen HTML yang dikirim kepada web
client sudah berbentuk dokumen HTML yang terenkripsi. Web client
disini bisa berupa aplikasi seperti Internet Explorer, Mozilla Firefox,
atau Opera. Aplikasi-aplikasi tersebut biasa dikenal dengan sebutan web
browser.
Ketika web browser menerima dokumen HTML yang terenkripsi
dari aplikasi proxy server, maka JavaScript Engine yang ada di web
browser akan melakukan proses dekripsi sekaligus rendering sehingga
dokumen akan ditampilkan sesuai dengan aslinya. Namun apabila kode
dari dokumen HTML tersebut dilihat melalui menu view source yang
ada di web browser akan didapatkan dokumen HTML yang tetap
terenkripsi.","Web server is a server software functioning to receive HTTP or HTTPS requests from web clients and send the
answer in a form of web pages which are commonly in HTML documents. The sent HTML documents are documents created
from plaintext markup language; that are documents consisting of pure HTML codes without encryption process. This study
aims to create a proxy server application receiving HTTP requests from web clients and sending them to the web servers.
Then, the requests will be received by the application through the server to be encrypted. So, the HTML documents sent to the
web clients are encrypted HTML documents. The web clients used here could be applications such as Internet Explorer,
Mozilla Firefox, or Opera. The applications are commonly termed web browsers. As the web browsers receive the encrypted
HTML documents from the proxy server application, JavaScript Engines in the web browsers will decrypt and render the
documents so they appear as the original. However, if the HTML document codes are viewed through view source menu in the
web browser, the HTML documents will still be encrypted."
Heri Supriyanto,"SISTEM PENDUKUNG KEPUTUSAN OPTIMASI PENJADWALAN MATAKULIAH UNTUK PENGGUNAAN RUANGAN KULIAH BERSAMA DI UNIVERSITAS TRUNOJOYO MADURA MENGGUNAKAN ALGORITMA  
GENETIKA","Mulaab, S.Si., M.Kom","Firli Irhamni, ST., M.Kom","Penjadwalan  kuliah  di  Perguruan  Tinggi  merupakan  masalah yang  kompleks.  Dalam  permasalahan tersebut  terdapat  beberapa variabel  yang  harus  dipertimbangkan  supaya  mendapatkan  jadwal  yang 
optimal. Di dalam penyusunan jadwal kuliah ini terdapat sangat banyak kemungkinan  yang  selayaknya  dicoba  untuk  menemukan  penjadwalan yang  terbaik.  Karena  itu  dibutuhkan  metode  optimasi  yang  dapat diterapkan  untuk  mengerjakan  penjadwalan  mata  kuliah  ini.  Metode yang  dapat  digunakan  untuk  menyelesaikan  permasalahan  tersebut adalah  dengan  menggunakan  Algoritma  Genetika.  Tugas  Akhir  ini 
bertujuan  untuk  membuat  suatu  sistem  yang  dapat  membuat  jadwal matakuliah  secara  otomatis  dan  hasilnya  optimal.  Dari  hasil  penelitian yang  dilakukan  algoritma  genetika  mampu  membuat  jadwal  dengan 
optimal  yang  dibuktikan  dari  nilai  fitness  yang memiliki  nilai  1  secara otomatis  jadwal  yang  dibentuk  akan  optimal.  Semoga  adanya  aplikasi ini  diharapkan  bisa  mempermudah  didalam  pembuatan  penjadwalan 
matakuliah dengan mudah dan cepat. 
 
Kata Kunci: Algoritma Genetika, Optimasi,  Penjadwalan.","Scheduling  courses  in  universities  is  a  complex  issue.  In these problems there are several variables that must be considered in order to obtain an optimal schedule. In the preparation of class schedules,  there  are  so  many  possibilities  that  should  be  tried  to 
find the best scheduling. Therefore required optimization methods that  can  be  applied  to  work  on  scheduling  this  course.  The method  can  be  used  to  solve  these  problems  is  to  use  a  Genetic Algorithm.  Final  Project  aims  to  create  a  system  that  can automatically create a course schedule and the results are optimal. From  the  results  of  research  on  the  genetic  algorithm  is  able  to make  a  schedule  with  a  proven  optimal  fitness  value has a  value of  1  is  automatically  set  up  a  schedule  that  would  be  optimal. Hopefully  this application  is  expected  to  ease  in  making scheduling easy and fast course. 
 
Keywords: Genetic Algorithms, Optimization, Scheduling."
Septian Rahman Hakim,SISTEM AUGMENTED REALITY ANIMASI BENDA BERGERAK MENGGUNAKAN FLARTOOLKIT,"Arik Kurniawati, S.Kom., M.T.","Haryanto, S.T., M.T.","Seiring perkembangan teknologi yang ada didunia, muncul teknologi yang disebut augmented reality. Augmented Reality (AR) merupakan upaya untuk menggabungkan dunia maya dan dunia virtual yang dibuat melalui komputer sehingga batas antara keduanya menjadi sangat tipis. Head-Mounted Display (HMD) merupakan contoh hasil dari penelitian tentang Augmented Reality, ini merupakan satu-satunya peralatan dasar dalam teknologi-teknologi terbaru. Seiring berjalannya waktu, augmented reality berkembang pesat sehingga memungkinkan pengembangan aplikasi ini di berbagai bidang.

Untuk mengembangkan AR banyak sekali library pendukung yang dapat digunakan. FlarToolKit adalah salah satunya. FlarToolKit merupakan library pendukung augmented reality pada platform flash.

Berdasarkan sistem AR animasi benda bergerak yang dibuat adalah animasi bergerak permainan pingpong dimana telah dikolaborasikan dengan augmented reality untuk menggerakkan setiap langkah dari playernya. Interaksi antar obyek tersebut dapat dilihat dari gerak bola yang dapat dipukul dengan obyek virtual yang ditampilkan melalui augmented reality.","As the development of technology existing in the world, emerging technology called augmented reality. Augmented Reality (AR) is an attempt to combine the virtual world and the virtual world created by the computer so that the boundaries between the two become very thin. Head-Mounted Display (HMD) is an example of the results of research on Augmented Reality, this is the only basic tools in the latest technologies. Over time, rapidly developing augmented reality to enable the development of applications in various fields.

To develop a lot of AR support library that can be used. FlarToolKit is one of them. FlarToolKit a library supporting augmented reality in flash platform.

Based on AR animation system moving objects are moving animations made ??pingpong game which has collaborated with augmented reality to drive every step of playernya. Interaction between objects can be seen from the motion to hit the ball with the virtual objects are displayed via augmented reality."
Adi Chandra Laksono,Gerak Pekerja Pada Game Real Time Strategy Menggunakan Finite State Machine,"Kurniawan Eka P, S.Kom., Msc","Arik Kurniawati, S.Kom., M.T.","Gerak pekerja ada pada game yang memiliki genre RTS (Real-Time Strategy). Gerak pekerja memiliki berbagai macam gerak. Oleh sebab itu dibutuhkan sebuah pendekatan konsep AI  untuk mendesain perilaku pekerja tersebut. Perilaku karakter tersebut harus ditambahi dengan AI (Artifical intelegent) agar perilakunya menjadi lebih hidup dan realistis.
Dalam penelitian ini AI yang digunakan adalah Finite State Machine. Finite State Machine digunakan untuk menentukan gerak pekerja terhadap parameter-parameter yang digunakan sebagai dasar gerak yang akan dilakukan . Selanjutnya akan disimulasikan pada game RTS dengan menggunakan game engine.
Hasil yang di peroleh dalam penelitian ini adalah penerapan metode Finite State machine untuk menentukan gerak pekerja berdasarkan parameter jumlah harta, prajurit, kondisi bangunan, dan stockpile (jumlah resources yang di bawa). 

Kata kunci : Game, Real-Time Strategy, Gerak Pekerja, Finite State Machine.","Workers' movements in the game that has no genre RTS (Real-Time Strategy). Workers' movements have a wide range of motion. Therefore, it takes an approach to designing AI concepts such worker behavior. Character traits should be supplemented with AI (Artifical intelegent) that his conduct becomes more vivid and realistic.
In this study AI used is Finite State Machine. Finite State Machine is used to determine the movement of workers to the parameters that are used as the basis for the motion to be carried. Next will be simulated on RTS game using the game engine.
The results obtained in this study is the application of Finite State Machine method for determining the motion parameters based on the amount of wealth workers, soldiers, the condition of the building, and the stockpile (number of resources are taken).

Keywords: Games, Real-Time Strategy, Motion Workers, Finite State Machine."
NURRACHMAT,RANCANG BANGUN GAME PERAWATAN SAPI KARAPAN MENGGUNAKAN METODE FUZZY LOGIC,"Arik Kurniawati, S.Kom., M.T.","Kurniawan Eka Permana, S.Kom., MSc.","Perkembangan game yang semakin pesat, memberikan berbagai alternative bagi peminatnya. Mulai dari bentuk game, cerita maupun media penyajian. Keberadaan game yang menggambarkan budaya Indonesia khususnya daerah kepulauan seperti Madura terhitung sedikit, sehingga dapat dirasa semakin lunturnya kebudayaan Indonesia bagi anak bangsa. Adanya peminat game yang semakin banyak dapat digunakan sebagai sarana pengenalan budaya asli Madura. Sebuah aplikasi game tentang olahraga yang sangat digemari di pulau Madura tersebut seperti Kerapan Sapi adalah sangatlah penting. Untuk itu perlu dibangun aplikasi game kerapan sapi sebagai upaya pelestarian budaya bangsa khususnya pulau Madura. Dengan upaya pembuatan game budaya maka dibangun  game perawatan sapi karapan menggunakan metode logika fuzzy (fuzzy logic), dengan menginputkan parameter kekuatan dan kesehatan sapi karapan untuk menentukan harga jual sapi karapan dalam sebuah game perawatan sapi karapan.
Kata kunci : game, kerapan sapi, perawatan sapi kerapan, budaya madura.","The rapid development of the game, providing a variety of alternatives for devotees. Starting from the form of games, stories and media presentation. The existence of games that depict the culture of Indonesia in particular areas such as Madura islands are comparatively few, so it can be considered the erosion of the culture of Indonesia for the children of the nation. There is a growing interest in the game can be used as a means of introduction to indigenous culture Madura. An application of sports games that are very popular on the island of Madura such as bull racing is very important. For it is necessary to build gaming applications bull race as national cultural preservation efforts in particular the island of Madura. With the efforts of the built cultural game development of bull race treatments using fuzzy logic method (fuzzy logic), with the strength parameters and the healt to set prices of cows in a bull race treatments game.
Keywords: game, bull race, bull race treatments, madura culture."
Muhammad Choirur Rozi,EKSTRAKSI FITUR BERBASIS TWO DIMENSIONAL LINEAR DISCRIMINANT ANALYSIS  UNTUK PENGENALAN WAJAH,"Dr. Arif Muntasa, S.Si.,M.T","Fitri Damayanti, S.Kom.,M.kom","Sistem pengenalan wajah adalah suatu sistem untuk mengenali identitas diri dari seseorang melalui wajah manusia. Teknologi ini mengidentifikasi bagian tubuh manusia yang unik dan tetap seperti wajah manusia. Hal khusus di bidang identifikasi dan pengenalan wajah manusia memanfaatkan pengolahan dan juga analisis citra wajah, yang akan berperan penting dalam proses pengenalan wajah manusia. Sistem ini dapat di manfaatkan dalam suatu sistem keamanan di bidang biometrika. Pada penelitian ini telah di bangun suatu perangkat lunak pengenalan citra wajah manusia menggunakan metode Two Dimensional Linear Discriminant Analysis (2DLDA) untuk menentukan karakteristik dari wajah manusia. Sedangkan pada tahap pengklasifikasian digunakan metode Angular Separation untuk mengukur kemiripan antara data pelatihan (training) dan data uji coba (testing). Melalui proses testing gambar wajah ini dapat di ketahui identitas diri dari seseorang. Dari uji coba aplikasi menggunakan klasifikasi Angular Separation di peroleh akurasi pengenalan benar sebesar  94.5%, pada  lima pose citra wajah pelatihan  dan lima pose citra wajah uji coba (testing) dengan jumlah data masing - masing dua ratus citra wajah manusia yang di ambil dari database ORL dengan menggunakan sepuluh eigen.

Kata kunci : Sistem pengenalan wajah, Two Dimensional Linear Discriminant Analysis, Angular Separation.","Face recognition system is a system to recognize the identity of a person with a human face. This technology identifies the unique human body parts and remains like a human face. It specialized in the identification and recognition of human face processing and utilizing facial image analysis, which will play an important role in the process of human face recognition. This system can be utilized within a security system in the field of biometrics. In this study has built a software image of human face recognition using the Two Dimensional Linear Discriminant Analysis (2DLDA) to determine the characteristics of a human face. While on stage classification method used to measure the similarity of the angular separation between the training data (training) and the data of testing (testing). Through the process of testing facial image can be in the know of a person's identity. Of a pilot application using Angular Separation classification recognition accuracy obtained was 94.5%, in five poses of training face images and five-pose face images of testing (testing) with the amount of data each - each two hundred images of human faces taken from the ORL database using ten eigenvalues.
Key words : Face recognition system, Two Dimensional Linear Discriminant Analysis,  Angular Separation."
M Khoiril Anwar,IMPLEMENTASI  ALGORITMA PRIM  DAN DEPTH FIRST SEARCH PADA PEMBUATAN MAZE GAME BERBASIS ANDROID OS MOBILE,"Cucun Very Angkoso, S.T., M.T.","Arik Kurniawati S. Kom., M.T.","Teknologi mobile game beroperating system open source berkembang dengan sangat pesat. Karena keragaman variasinya, mobile game memiliki banyak peminat dari berbagai kalangan. Hal inilah yang menjadi dasar bagi para pengembang untuk terus mengembangkan mobile game. 
Pada penelitian ini, sebuah mobile game untuk mengasah kemampuan berfikir telah dikembangkan dengan mengimplementasikan algoritma Prim dan Depth First Search. Dalam pembuatannya, algoritma Prim diterapkan pada saat pembuatan lintasan dari maze sedangkan algoritma Depth First Search diterapkan pada saat melakukan proses pencarian solusinya.
Dari hasil pengujian dapat disimpulkan bahwa algoritma Prim dan Depth First Search dapat berfungsi dengan baik pada resolusi screen 320 x 480 pixels dalam pembentukan lintasan dan pencarian solusi dari maze.
Kata kunci : Mobile Game, Android, Algoritma Prim, Algoritma Depth First Search.","Mobile technology is an open source game develops very rapidly. Because of the diversity of its variations, mobile game has a lot of interest from various parties. This is the basis for the developers to continue to develop mobile games.
 In this study, a mobile game to hone thinking ability has been developed to implement the algorithm Prim and Depth First Search. In manufacturing, Prim algorithm is applied at the time of passage of the maze while the Depth First Search algorithm applied at the time of the solution search process.
          From the test results it can be concluded that the algorithm Prim and Depth First Search can function properly at screen resolutions of 320 x 480 pixels in the formation of the track and the search for solutions of the maze
 Key words : Mobile Game, Android, Algoritma Prim, Algoritma Depth First Search."
MALIKUL HAMZAH,Perancangan Sistem Informasi Badan Kepegawaian Daerah ( BKD ) Bangkalan Sebagai Sub sistem dari E-Government Bangkalan Menggunakan TOGAF ADM,"Moch. Kautsar Sophan, S.Kom., M.MT.","Yeni Kustiyaningsih, S.Kom., M.Kom.","Kantor Badan Kepegawaian kota Bangkalan adalah instansi pemerintahan yang bergerak di bidang pelayanan kepegawaian. Untuk meningkatkan kualitas pelayanan maka perlu adanya sebuah sistem informasi yang mampu memonitoring dan membantu proses kinerja dari dinas tersebut. Oleh karena itu dalam penelitian  ini dibahas bagaimana menerapkan  Architecture Enterprise BKD Bangkalan dengan menggunakkan metode TOGAF ADM dan mengimplementa sikannya kedalam sebuah implementasi aplikasi Enterprise yang akan dibentuk menjadi satu keterpaduan dengan  E-government Bangkalan. TOGAF ADM memiliki empat komponen utama: arsitektur bisnis, arsitektur data, arsitektur teknologi dan arsitektur aplikasi. Intinya TOGAF digunakan untuk membuat Architecture Enterprise dari semua aspek tersebut. Dalam penelitian ini akan dibahas tentang perancangan sistem arsitektur Sistem informasi BKD Bangkalan sebagai sub-sistem dari E-government Bangkalan dengan menggunakan TOGAF ADM tujuannya agar dapat menghasilkan sistem aplikasi administrasi kantor Badan Kepegawaian Daerah  Bangkalan, membuat Blue Print, serta memperbaiki efisiensi, kenyamanan, serta aksesibilitas pelayanan terhadap publik agar  lebih baik. 

Kata Kunci: Arsitektur interprise, TOGAF ADM, Arsitektur bisnis, Arsitektur data, Arsitektur aplikasi, Arsitektur teknologi","Office of Personnel Agency is Bangkalan city government agencies engaged in the civil service. To improve the quality of service it is necessary to an information system that is able to monitor and assist in the performance of the agency. Therefore in this studydiscussed how to implement  Enterprise Architecture BKD Bangkalan  with TOGAF ADMusing this method and implement it into an Enterprise application   implementation whichwill be formed into a single alignment with the E- government Bangkalan. TOGAF ADMhas four main components: business architecture, data architecture, technologyarchitecture and application architecture. The point TOGAF Enterprise Architecture is used to make of all these aspects. In this study will be discussed about the design of  information systems architecture systems  BKD Bangkalan as sub-systems of e-government using the TOGAF ADM Bangkalan  aim to obtain an application systemadministration Bangkalan Regional Human Resources Agency office, make the Blue Print, and improve efficiency,convenience, and accessibility of services to the public for the better. 

Keyword : Enterprise architecture, TOGAF ADM, business architecture, data architecture, application architecture, technology architecture"
Norman,PEMANFAATAN TOGAF ADM UNTUK PERANCANGAN SISTEM INFORMASI DINAS PERINDUSTRIAN & PERDAGANGAN SEBAGAI SUB SISTEM ARSITEKTUR E-GOVERNMENT KABUPATEN BANGKALAN,"M. Kautsar Sophan, S.Kom., M. MT.","Yeni Kustiyahningsih S.Kom., M.Kom.","Penyusunan Sistem Informasi Dinas Perindustrian & Perdagangan (DISPERINDAG) Kabupaten Bangkalan dibuat untuk meningkatkan kualitas pelayanan dan membantu proses kinerja dari dinas tersebut. Salah satu faktor pendorong pemanfaatan sistem informasi yang lebih baik adalah semakin meningkatnya kebutuhan fungsi pelayanan yang dijalankan. Tujuan dari penerapan Arsitektur Enterprise adalah menciptakan keselarasan antara bisnis dan teknologi informasi bagi kebutuhan instansi, penerapan arsitektur enterprise tidak terlepas dari bagaimana sebuah instansi merencanakan dan merancang arsitektur enterprise tersebut. TOGAF ADM merupakan metodologi yang lengkap, banyak instansi yang tidak memahami secara jelas tentang tahapan – tahapan dari metodologi tersebut diterjemahkan ke dalam aktivitas perancangan Arsitektur Enterprise. Tahapan dalam perancangan Arsitektur Enterprise sangatlah penting dan akan berlanjut pada tahapan berikutnya yaitu rencana implementasi. TOGAF ADM memiliki empat komponen utama: arsitektur bisnis, arsitektur data, arsitektur teknologi dan arsitektur aplikasi. Pada intinya TOGAF digunakan untuk membuat Arsitektur Enterprise dari semua aspek tersebut yang menghasilkan model dan kerangka dasar dalam mengembangkan sistem informasi yang terintegrasi untuk mendukung kebutuhan Dinas Perindustrian & Perdagangan sesuai dengan Peraturan Bupati Bangkalan Nomor 38 Tahun 2010 Tentang Uraian Tugas Jabatan Struktural pada Dinas Perindustrian dan Perdagangan.","Preparation of the Information Systems Dinas Perindustrian dan Perdagangan (Disperindag) Bangkalan made to improve the quality of service and assist in the performance of the agency. One factor driving the use of better information systems is the increasing needs of the service function is executed. The purpose of the application of Enterprise Architecture is to create harmony between business and information technology for the needs of agencies, the application of enterprise architecture is inseparable from how an agency's plan and design the enterprise architecture. TOGAF ADM is a comprehensive methodology, many agencies that do not understand clearly about the stage - the stage of the methodology are translated into the design of an Enterprise Architecture activities. Stages in Enterprise Architecture design is very important and will continue at the next stage of the implementation plan. TOGAF ADM has four main components: business architecture, data architecture, technology architecture and application architecture. At the core TOGAF Enterprise Architecture is used to make all aspects of the resulting model and the basic framework in developing integrated information systems to support the needs of Dinas Perindustrian dan Perdagangan Office in accordance with the decree No. 38 of 2010 Bangkalan On Structural Position Description Duties at the Dinas Perindustrian dan Perdagangan."
"Robiatul Adawiyah, S.Kom",APLIKASI METODE FUZZY ANALYTIC NETWORK PROCESS (FANP) UNTUK MENDUKUNG KEPUTUSAN PROSES PROMOSI JABATAN DI PT. SURYA MADISTRINDO PAMEKASAN,"Diana Rahmawati, S.T, M.T","Budi Dwi Satoto, S.T, M.Kom","Perusahaan pemerintah maupun swasta mempunyai tujuan yang harus dicapai. Pencapaian tujuan perusahaan dapat dilakukan dengan pemanfaatan sumber daya yang dimiliki secara optimal, salah satu sumber daya tersebut adalah sumber daya manusia yang dimiliki oleh perusahaan. Sesuai dengan peraturan yang telah ditetapkan PT. Surya Madistrindo Pamekasan dalam melakukan proses promosi jabatan, maka diperlukan kriteria-kriteria seperti aspek kapasitas intelektual, aspek sikap kerja, dan aspek perilaku yang masing-masing mempunyai sub kriteria tersendiri. Metode yang digunakan adalah metode Fuzzy Analytic Network Process (FANP). Metode FANP sendiri digunakan untuk mencari bobot prioritas kepentingan dari seluruh kriteria dan sub kriteria yang telah ditetapkan dan sebagai proses perangkingan atas bobot kriteria masing-masing data karyawan. Pembobotan diperoleh dari hasil kuesioner yang dilakukan oleh pimpinan perusahaan. Proses perangkingan dilakukan dengan cara mengalikan nilai bobot dari kriteria ke tiap-tiap sub kriteria sehingga mampu menyeleksi karyawan yang berhak menduduki jabatan yang tersedia berdasarkan kriteria-kriteria yang ditentukan. Dari hasil uji coba dalam menyelesaikan studi kasus proses promosi jabatan karyawan menghasilkan nilai akurasi sebesar 80%.


Kata kunci 	: 	Sistem Pendukung Keputusan, Promosi Jabatan,  Fuzzy Analytic Network Process (FANP)","Government and private companies have a goal to be achieved. Achievement of corporate goals can be done with the use of available resources in an optimal, one of these resources is a human resources company owned by. In accordance with the rules set PT. Surya Madistrindo Pamekasan in the process of promotion, then the required criteria such as aspects of intellectual capacity, aspects of work attitudes, and behavioral aspects that each has its own sub-criteria. The method used is Fuzzy Analytic Network Process method. The FANP method itself is used to find the weight of the priority interests of all criteria and sub criteria have been established and a process for weighting the criteria grading process each employee. Weighting obtained from the questionnaire conducted by leader of company.  Grading process is done by multiplying the value of the weights of the criteria for each sub criteria that candidates who are eligible employees of the available positions based on criteria determined. From the test results in the complete case study of employee promotion process generates value by 80% accuracy.

 
Keywords	:	Decision Support Systems, Promotion, Fuzzy Analytic Network Process (FANP)"
Desy Mariana S. Kom,SISTEM PENDUKUNG KEPUTUSAN REKOMENDASI MENU DIET BAGI PASIEN RAWAT INAP MENGGUNAKAN METODE HARRIS BENEDICT DAN EUCLIDEAN (Studi Kasus : RSUD Dr. H. Moh. Anwar Sumenep),"Haryanto ST, MT","Firli Irhamni ST, M. Kom","Pelayanan makanan bagi pasien rawat inap di Rumah Sakit mempunyai tujuan untuk memberikan menu diet yang sesuai dengan syarat gizi minimal dan sesuai dengan penyakit yang diderita pasien. 
Sampai saat ini menu yang disediakan pihak rumah sakit kurang memperhatikan kebutuhan kalori pasiennya per individu. Sehingga mengakibatkan penyediaan makanan kepada pasien tidak sesuai dengan kebutuhan kalori perhari dari pasien. Oleh karena itu dibuatlah sistem pendukung keputusan untuk rekomendasi menu diet pasien sebagai alat bantu dalam penyediaan menu makanan bagi pasien
Metode yang digunakan yaitu metode Harris Benedict untuk perhitungan total kalori pasien dan metode Euclidean untuk perankingannya, maka diharapkan aplikasi sistem pendukung keputusan yang dibuat ini mampu untuk merekomendasikan menu diet kepada pasien beserta penjelasan mengenai kebutuhan kalori perhari untuk asupan makanan perhari dan makanan yang harus dibatasi.

Kata kunci :  Sistem Pendukung Keputusan, Harris Benedict dan Euclidean","Food service for patients hospitalized at the Hospital has the objective to provide an appropriate diet with minimal nutritional requirements and in accordance with the patient's  illness.
Until recently menu provided by the hospital less attention to caloric needs per individualpatient. Thus resulting in the provision of food to patients not in accordance with the needs of the patient's daily calories. Therefore made a decision support system forpatient's diet recommendations as a tool in the provision of meals for patients.
The method used is the Harris Benedict method for the calculation of total calories for the patient and Perankingannya Euclidean method, it is expected that application ofdecision support system that made it able to recommend the diet to the patient along with an explanation of the need for daily calorie intake per day and the food should be limited.

 
Keywords: Decision Support Systems, Harris Benedict and Euclidean"
Lia Fransiska,RANCANG BANGUN APLIKASI PEMILIHAN TEKNIK REKAYASA KEBUTUHAN MENGGUNAKAN METODE SELF ORGANIZING MAP BERBASIS EUCLIDEAN DISTANCE DAN CANBERRA DISTANCE MATRIX,"Firli Irhamni S.T, M.Kom","Budi Dwi Satoto S.T, M.Kom","Penyusunan Sistem Pendukung Keputusan pemilihan teknik rekayasa kebutuhan dibuat untuk membantu pengembang perangkat lunak dalam membangun sebuah proyek perangkat lunak. Pemilihan teknik rekayasa kebutuhan umumnya berdasarkan pada pilihan system dan analis yang bersangkutan daripada berdasarkan karakteristik teknik rekayasa kebutuhan yang sesuai pada proyek perangkat lunak tersebut. Untuk dapat menghasilkan perangkat lunak yang baik maka proses evaluasi dan pemilihan teknik rekayasa kebutuhan merupakan salah satu tahap yang sangat penting dalam sebuah proyek pengembangan perangkat lunak.
	Didalam SPK ini dilakukan proses pemilihan antara teknik rekayasa kebutuhan dan kriteria atribut project yang diinginkan oleh pengembang perangkat lunak. Selanjutnya dilakukan proses clustering menggunakan metode Self Organizing Map (SOM). Parameter yang digunakan dalam adalah distance matrix karena paling tepat digunakan untuk menangani data multi dimensional. Euclidean dan Canberra adalah jenis distance matrix yang lazim digunakan karena tingkat akurasinya yang baik untuk menangani kasus data riil.
Hasil akhir yang diperoleh yaitu membandingkan hasil clustering menggunakan metode SOM berbasis Euclidean Distance dan Canberra Distance matrix. Sehingga menghasilkan teknik rekayasa kebutuhan yang efisien, obyektif dan sesuai dengan karakteristik proyek perangkat lunak.
Kata Kunci : Sistem Pendukung Keputusan, Teknik Rekayasa Kebutuhan, Clustering, Self Organizing Map, Canberra Distance matrix","Preparation of Decision Support System selection requirements engineering techniques designed to help software developers in building a software project. The selection of requirements engineering techniques are generally based on the selection system and the analyst is concerned rather than based on the engineering characteristics of the corresponding requirements on the software project. To be able to produce good software, the process of evaluation and selection of requirements engineering techniques is one of the most important stages in a software development project.
DSS was performed in the selection process between requirements engineering techniques and criteria for project attributes desired by software developers. Clustering process is then performed using the Self Organizing Map (SOM). Parameters used in the distance matrix is most appropriate because the data used to handle multi-dimensional.
The final result is to compare the results obtained using the SOM-based clustering Euclidean Distance and Canberra Distance matrix to do some testing. So that the results obtained using the SOM-based clustering is more accurate than Euclidean Distance with Distance Canberra-based SOM.
Keyword : Decision Support Systems, Technique Requirement Engineering, Clustering, Self Organizing Map, Canberra Distance matrix"
Erwina Safitri,DETEKSI COREPOINT SIDIK JARI MENGGUNAKAN METODE GEOMETRY OF REGION TECHNIQUE (GR),"Dr. Indah Agustien, S.Kom., M.Kom","Fitri Damayanti, S.Kom., M.Kom","Sidik jari adalah salah satu karakteristik fisik manusia yang saat ini banyak digunakan untuk identifikasi manusia, karena sidik jari mempunyai karakteristik yang tidak dapat berubah kecuali jika luka atau rusak akibat kecelakaan. Sidik jari sangat diperlukan untuk berbagai kasus tindak kriminal, seperti pencurian, kecurangan administrasi. Sehingga adanya proses pendeteksian sidik jari dapat memudahkan pihak-pihak yang berwajib untuk menangani beberapa kasus tersebut. Proses pendeteksian ini di lakukan dalam program komputer dengan melakukan beberapa tahap perhitungan. Penentuan titik tengah atau yang biasa di kenal dengan Corepoint adalah sebuah proses awal yang sangat berperan penting dalam proses identifikasi manusia. Terdapat dua cara untuk menentukan Corepoint atau titik tengah sidik jari yaitu secara manual dan otomatis. Secara manual dapat di lakukan dengan kasat mata. sedangkan secara otomatis dapat di tentukan dengan menggunakan suatu sistem. Pada Tugas Akhir ini untuk menentukan Corepoint sidik jari secara otomatis digunakan metode Geometry Of Region Technique (GR).Citra yang digunakan pada Tugas Akhir diperoleh dari “database FVC-2002 fingerprint-bitmaps”. Hasil uji coba sistem yang terbaik untuk deteksi Corepoint sidik jari menggunakan metode Geometry Of Region Technique (GR) dengan M0=50 dan V0=50 pada proses normalisasi dan menggunakan ukuran blok 3 x 3 pixel. Hasil akurasi sistem yang didapatkan sebesar 70%.
Kata Kunci : Sidik jari, Corepoint, Geometry Of Region Technique (GR), Normalisasi","Fingerprints are one of the physical characteristics of human that are used for human identification, because it has a characteristic that cannot be changed except when injured or damaged by accident. Fingerprints is required for variety of criminal cases, such as theft, fraud administration. So the process can facilitate the detection of a fingerprint to handle such cases. Detection process is done in a computer program to perform multiplestages of computation. Determination of the midpoint or commonly known as Corepoint is the first process which is very important in the process of human identification. There are two ways to determine the Corepoint or the midpoint of the fingerprints manually and automatically. Manually can be done with the naked eye and automatically can be set by using a system. In this final task is to determine Corepoint of the fingerprint automatically is used method Geometry of Region Technique (GR).Imagery was used in the final task which was gotten from the fingerprint database FVC-2002-bitmaps. The best observation system is obtained for the detection core point of fingerprint using the method Geometry of Region Technique M0=50 and V0=50 at normalization process and using the block dimension 3x3 pixel .The result of system accuration is gotten 70 percent.
Keywords: Fingerprint, Corepoint, Geometry Of Region Technique (GR), Normalization"
